padd,model,fold,train_end,test_start,test_end,train_mae_kb,mae_kb,rmse_kb,r2,n
1,persistence,1,2014-06-01,2014-07-01,2015-06-01,2796.076923076923,3231.5,4010.731022311685,0.42092411144689046,12
1,persistence,2,2015-06-01,2015-07-01,2016-06-01,2854.133333333333,2955.1666666666665,3768.940611542365,0.4762112730463184,12
1,persistence,3,2016-06-01,2016-07-01,2017-06-01,2866.0196078431372,3942.0833333333335,4795.822392110311,-0.03278564701486886,12
1,persistence,4,2017-06-01,2017-07-01,2018-06-01,2979.2894736842104,3500.6666666666665,3789.9115644915337,0.027946502422284136,12
1,persistence,5,2018-06-01,2018-07-01,2019-06-01,3028.9444444444443,4270.916666666667,4881.206843599234,-0.7287131497985053,12
1,persistence,6,2019-06-01,2019-07-01,2020-06-01,3136.942028985507,3008.0833333333335,3630.4355225417976,0.36823653813753243,12
1,persistence,7,2020-06-01,2020-07-01,2021-06-01,3126.633333333333,2698.3333333333335,3374.0110402901764,-0.3880075648983312,12
1,persistence,8,2021-06-01,2021-07-01,2022-06-01,3094.9074074074074,4266.666666666667,4713.066517671908,-0.2958470757248812,12
1,persistence,9,2022-06-01,2022-07-01,2023-06-01,3175.7183908045977,2911.75,4295.92808172266,-0.1905671472324788,12
1,persistence,10,2023-06-01,2023-07-01,2024-06-01,3158.6881720430106,2444.1666666666665,3717.98305536752,-0.2686297565332014,12
1,seasonal_naive,1,2014-06-01,2014-07-01,2015-06-01,4595.320512820513,3585.5,4484.758280368445,0.27595344985358716,12
1,seasonal_naive,2,2015-06-01,2015-07-01,2016-06-01,4460.677777777778,4798.583333333333,5918.256732349485,-0.2915319686149098,12
1,seasonal_naive,3,2016-06-01,2016-07-01,2017-06-01,4500.431372549019,3876.3333333333335,5218.665234840546,-0.222933632964051,12
1,seasonal_naive,4,2017-06-01,2017-07-01,2018-06-01,4434.736842105263,5180.083333333333,6011.500887188378,-1.4456699432748659,12
1,seasonal_naive,5,2018-06-01,2018-07-01,2019-06-01,4505.722222222223,5179.416666666667,6247.70163740235,-1.832103204008583,12
1,seasonal_naive,6,2019-06-01,2019-07-01,2020-06-01,4564.304347826087,5523.916666666667,6647.334371761361,-1.1180299596452703,12
1,seasonal_naive,7,2020-06-01,2020-07-01,2021-06-01,4641.073333333334,4522.833333333333,5073.175189169008,-2.1380405704148147,12
1,seasonal_naive,8,2021-06-01,2021-07-01,2022-06-01,4632.314814814815,8127.0,8990.049536385584,-3.7148815230772074,12
1,seasonal_naive,9,2022-06-01,2022-07-01,2023-06-01,4873.327586206897,3719.25,4455.169347697871,-0.2804668033671618,12
1,seasonal_naive,10,2023-06-01,2023-07-01,2024-06-01,4798.870967741936,2503.0833333333335,2929.4188416817424,0.21244113817865573,12
1,forecast_flow_identity,1,2014-06-01,2014-07-01,2015-06-01,3077.2709457548467,2046.3826216022596,2733.297539851774,0.73105577155297,12
1,forecast_flow_identity,2,2015-06-01,2015-07-01,2016-06-01,2939.8191692011683,2581.9834931780474,2964.0086633116493,0.6760511099533055,12
1,forecast_flow_identity,3,2016-06-01,2016-07-01,2017-06-01,2897.720854374918,3263.4166694530572,3926.60749895758,0.30766068373993505,12
1,forecast_flow_identity,4,2017-06-01,2017-07-01,2018-06-01,2936.2151506989335,1890.6248563218348,2363.4501133201084,0.6219711938009953,12
1,forecast_flow_identity,5,2018-06-01,2018-07-01,2019-06-01,2836.6351226630195,3640.2538377518176,4149.312357886056,-0.2491677733917257,12
1,forecast_flow_identity,6,2019-06-01,2019-07-01,2020-06-01,2906.51501093161,3425.9098298263452,4748.532070900876,-0.08082604101766777,12
1,forecast_flow_identity,7,2020-06-01,2020-07-01,2021-06-01,2948.066596443189,3491.2295386959954,4271.739391773734,-1.224888922081922,12
1,forecast_flow_identity,8,2021-06-01,2021-07-01,2022-06-01,2988.3008884619153,3253.2272198331048,3635.525336943556,0.22895279712028704,12
1,forecast_flow_identity,9,2022-06-01,2022-07-01,2023-06-01,3006.571669935791,3032.1883401089417,3931.1005330544003,0.0030619064278540886,12
1,forecast_flow_identity,10,2023-06-01,2023-07-01,2024-06-01,3008.2243583340583,2053.865152616676,2640.273843081636,0.3602386079592538,12
1,constrained_level,1,2014-06-01,2014-07-01,2015-06-01,2339.927915169359,2447.152765394396,2979.552419711704,0.6804119964852497,12
1,constrained_level,2,2015-06-01,2015-07-01,2016-06-01,2356.265546646655,3118.6778682007875,4009.7525356901187,0.40713924835465776,12
1,constrained_level,3,2016-06-01,2016-07-01,2017-06-01,2397.8114561952893,3429.6538116475363,3944.4853855748024,0.3013418747470429,12
1,constrained_level,4,2017-06-01,2017-07-01,2018-06-01,2504.422403655912,2655.9157726821218,3006.960541340565,0.3880901087935087,12
1,constrained_level,5,2018-06-01,2018-07-01,2019-06-01,2502.5762530101592,3980.6251812088994,4645.101270412555,-0.5655209580909848,12
1,constrained_level,6,2019-06-01,2019-07-01,2020-06-01,2614.8549194225807,4434.2098906437195,5865.294686992147,-0.648985067634362,12
1,constrained_level,7,2020-06-01,2020-07-01,2021-06-01,2749.2961070524248,2427.259888500727,2979.142090576339,-0.08213456512123662,12
1,constrained_level,8,2021-06-01,2021-07-01,2022-06-01,2733.090767308395,3764.099185702534,4584.758730255892,-0.22625159966733888,12
1,constrained_level,9,2022-06-01,2022-07-01,2023-06-01,2764.159549049268,3007.7971567548725,4191.897128924266,-0.13360335501313303,12
1,constrained_level,10,2023-06-01,2023-07-01,2024-06-01,2765.4138358981877,2305.02953840266,3406.2595903027354,-0.06481844700703077,12
1,ridge_change,1,2014-06-01,2014-07-01,2015-06-01,2240.162908321218,2070.2726121598716,2701.796489776469,0.737219173636837,12
1,ridge_change,2,2015-06-01,2015-07-01,2016-06-01,2194.4787699570993,2685.044377384215,3422.867903251729,0.5679859841647823,12
1,ridge_change,3,2016-06-01,2016-07-01,2017-06-01,2257.1747582292533,3204.8410422596266,3703.0173053062445,0.3842626548819703,12
1,ridge_change,4,2017-06-01,2017-07-01,2018-06-01,2351.034218986993,3241.874074857046,3631.168794405388,0.10767124103468406,12
1,ridge_change,5,2018-06-01,2018-07-01,2019-06-01,2407.5754645069433,3795.4082548263764,4438.960615958837,-0.429654502060443,12
1,ridge_change,6,2019-06-01,2019-07-01,2020-06-01,2523.7667787795335,4444.7069747065425,5882.096200732482,-0.6584458462539435,12
1,ridge_change,7,2020-06-01,2020-07-01,2021-06-01,2664.277671981345,2180.166800854831,2847.745039601955,0.011216882770785697,12
1,ridge_change,8,2021-06-01,2021-07-01,2022-06-01,2637.32252343143,3910.877967329574,4581.035617430311,-0.22426082126402958,12
1,ridge_change,9,2022-06-01,2022-07-01,2023-06-01,2682.5935861831317,2671.3338672863524,3541.707136539726,0.1907826548598751,12
1,ridge_change,10,2023-06-01,2023-07-01,2024-06-01,2680.413988532163,2202.3743724452884,2954.6957367391215,0.19879138092923077,12
1,seasonal_ridge_change,1,2014-06-01,2014-07-01,2015-06-01,2114.1350735377923,1560.7419927648334,2295.7602729965606,0.8102676086399062,12
1,seasonal_ridge_change,2,2015-06-01,2015-07-01,2016-06-01,2020.4883193209344,2649.978232109402,3254.521662841491,0.6094362857765387,12
1,seasonal_ridge_change,3,2016-06-01,2016-07-01,2017-06-01,2081.3099358189534,2848.4090444909975,3277.8488951616664,0.5175393806440569,12
1,seasonal_ridge_change,4,2017-06-01,2017-07-01,2018-06-01,2156.257178219468,2673.2106557125153,2977.1780580066406,0.400151421193749,12
1,seasonal_ridge_change,5,2018-06-01,2018-07-01,2019-06-01,2152.467788450944,3898.301233970323,4671.375978979222,-0.583281579137992,12
1,seasonal_ridge_change,6,2019-06-01,2019-07-01,2020-06-01,2302.2251307577926,5780.086127004382,8139.086149482549,-2.1753261470458023,12
1,seasonal_ridge_change,7,2020-06-01,2020-07-01,2021-06-01,2611.437100148883,2310.5132040363137,2847.797954433191,0.011180136659635465,12
1,seasonal_ridge_change,8,2021-06-01,2021-07-01,2022-06-01,2579.4874400723324,3777.6395623740887,4464.212349013589,-0.16261602178284051,12
1,seasonal_ridge_change,9,2022-06-01,2022-07-01,2023-06-01,2638.3534364110274,2547.5422620878358,3527.5009708872426,0.19726134980499666,12
1,seasonal_ridge_change,10,2023-06-01,2023-07-01,2024-06-01,2620.009372050525,2183.8572455599738,3011.7167192109237,0.16756885390655962,12
1,polynomial_ridge_change,1,2014-06-01,2014-07-01,2015-06-01,2114.1350735377923,1560.7419927648345,2295.7602729965606,0.8102676086399062,12
1,polynomial_ridge_change,2,2015-06-01,2015-07-01,2016-06-01,2020.4883193209341,2649.978232109402,3254.521662841491,0.6094362857765387,12
1,polynomial_ridge_change,3,2016-06-01,2016-07-01,2017-06-01,2081.309935818953,2848.409044490998,3277.848895161667,0.5175393806440567,12
1,polynomial_ridge_change,4,2017-06-01,2017-07-01,2018-06-01,2156.2571782194686,2673.2106557125157,2977.1780580066406,0.400151421193749,12
1,polynomial_ridge_change,5,2018-06-01,2018-07-01,2019-06-01,2152.4677884509447,3898.3012339703223,4671.375978979222,-0.5832815791379915,12
1,polynomial_ridge_change,6,2019-06-01,2019-07-01,2020-06-01,2302.2251307577926,5780.086127004387,8139.086149482555,-2.1753261470458067,12
1,polynomial_ridge_change,7,2020-06-01,2020-07-01,2021-06-01,2611.437100148883,2310.513204036313,2847.79795443319,0.01118013665963602,12
1,polynomial_ridge_change,8,2021-06-01,2021-07-01,2022-06-01,2579.487440072332,3777.639562374088,4464.212349013589,-0.16261602178284051,12
1,polynomial_ridge_change,9,2022-06-01,2022-07-01,2023-06-01,2638.353436411027,2547.5422620878358,3527.5009708872417,0.1972613498049971,12
1,polynomial_ridge_change,10,2023-06-01,2023-07-01,2024-06-01,2620.0093720505256,2183.8572455599747,3011.7167192109246,0.16756885390655918,12
1,spline_ridge_change,1,2014-06-01,2014-07-01,2015-06-01,1711.8303432558193,2528.1250612033073,3182.0214191159803,0.63550245699698,12
1,spline_ridge_change,2,2015-06-01,2015-07-01,2016-06-01,1659.9504482200848,2285.3802736910925,2827.0047243486524,0.7053064520873757,12
1,spline_ridge_change,3,2016-06-01,2016-07-01,2017-06-01,1622.3736319392235,4024.381650646715,5021.304507535436,-0.1321843041173012,12
1,spline_ridge_change,4,2017-06-01,2017-07-01,2018-06-01,1766.1782934019902,2249.62663368683,2781.3639542256847,0.4764626635576088,12
1,spline_ridge_change,5,2018-06-01,2018-07-01,2019-06-01,1791.3433357442311,3100.7837250488114,3785.1097138873943,-0.03950230631485896,12
1,spline_ridge_change,6,2019-06-01,2019-07-01,2020-06-01,1829.9005827677247,2455.486116661124,3480.8450158341684,0.4192269939132912,12
1,spline_ridge_change,7,2020-06-01,2020-07-01,2021-06-01,1863.599337097987,2775.13288774934,3386.399814797232,-0.398219317227964,12
1,spline_ridge_change,8,2021-06-01,2021-07-01,2022-06-01,1906.0640845992725,3658.190524755475,4364.8133587367565,-0.11141939248117749,12
1,spline_ridge_change,9,2022-06-01,2022-07-01,2023-06-01,1991.6652655636137,2454.358228959148,3465.380256248162,0.22528550213844822,12
1,spline_ridge_change,10,2023-06-01,2023-07-01,2024-06-01,1978.204748846936,2183.2428131531183,2803.4527463456184,0.2787155623408689,12
1,random_forest_change,1,2014-06-01,2014-07-01,2015-06-01,1946.92611137537,1931.0609457477167,2754.2701863881975,0.7269127085408558,12
1,random_forest_change,2,2015-06-01,2015-07-01,2016-06-01,1929.8307621590275,3185.917177712829,3519.5085642656354,0.5432467864553712,12
1,random_forest_change,3,2016-06-01,2016-07-01,2017-06-01,1978.466373985875,3185.853302520142,3901.690379418265,0.31641957611733484,12
1,random_forest_change,4,2017-06-01,2017-07-01,2018-06-01,2097.017289119595,2359.060194825719,2967.5966896816917,0.404006159984061,12
1,random_forest_change,5,2018-06-01,2018-07-01,2019-06-01,2091.5415705749297,3548.2336018633646,4363.263858633332,-0.3813109866383504,12
1,random_forest_change,6,2019-06-01,2019-07-01,2020-06-01,2160.979203396481,2514.4329399424955,3740.6325265170167,0.32930180014016386,12
1,random_forest_change,7,2020-06-01,2020-07-01,2021-06-01,2186.3640067534516,2873.908220667761,3337.769835577635,-0.35834974458336055,12
1,random_forest_change,8,2021-06-01,2021-07-01,2022-06-01,2228.4568806411316,3172.9065415335913,3845.734419250286,0.13720982088694034,12
1,random_forest_change,9,2022-06-01,2022-07-01,2023-06-01,2258.2496593648625,2696.361833377383,3505.63786636699,0.20718110401934953,12
1,random_forest_change,10,2023-06-01,2023-07-01,2024-06-01,2258.497722154485,2194.783474815598,2874.186195353634,0.2418591814410891,12
1,xgboost_change,1,2014-06-01,2014-07-01,2015-06-01,1616.6590044070513,1980.1936848958333,2659.8290429238355,0.7453194052233905,12
1,xgboost_change,2,2015-06-01,2015-07-01,2016-06-01,1638.77578125,3055.2281901041665,3443.257501670121,0.562823746890001,12
1,xgboost_change,3,2016-06-01,2016-07-01,2017-06-01,1670.6885723039215,3353.7001953125,4004.4526043855753,0.27993727910326016,12
1,xgboost_change,4,2017-06-01,2017-07-01,2018-06-01,1784.8106496710527,2495.0074869791665,2912.1337732656475,0.4260756417532703,12
1,xgboost_change,5,2018-06-01,2018-07-01,2019-06-01,1749.1090029761904,3432.8815104166665,4244.185890269166,-0.3069449861939968,12
1,xgboost_change,6,2019-06-01,2019-07-01,2020-06-01,1895.0952785326087,2525.9895833333335,3889.9911395092154,0.27467228375089847,12
1,xgboost_change,7,2020-06-01,2020-07-01,2021-06-01,1905.7360416666668,2539.2164713541665,3014.584028129647,-0.10803536549270776,12
1,xgboost_change,8,2021-06-01,2021-07-01,2022-06-01,1934.7637924382716,3420.87890625,4294.877712130658,-0.07608906944683547,12
1,xgboost_change,9,2022-06-01,2022-07-01,2023-06-01,1967.1291082974137,2612.4632161458335,3277.0334524913696,0.3072099534740649,12
1,xgboost_change,10,2023-06-01,2023-07-01,2024-06-01,1999.9964297715053,1982.7041015625,2700.4063743792667,0.3307654859369733,12
1,neural_network_change,1,2014-06-01,2014-07-01,2015-06-01,2157.7515665086325,1720.683442841527,2426.2761150389515,0.7880815086032784,12
1,neural_network_change,2,2015-06-01,2015-07-01,2016-06-01,1988.1568838827882,2559.5031135569684,3132.670115659376,0.6381347438305797,12
1,neural_network_change,3,2016-06-01,2016-07-01,2017-06-01,1985.7695766290606,3116.548532769697,3558.861959330629,0.4312697905146954,12
1,neural_network_change,4,2017-06-01,2017-07-01,2018-06-01,2048.3988164445136,2828.984817858121,3154.5541408875915,0.32654592344407174,12
1,neural_network_change,5,2018-06-01,2018-07-01,2019-06-01,2043.5767337060008,3844.078665940246,4711.663819521447,-0.6107090688282777,12
1,neural_network_change,6,2019-06-01,2019-07-01,2020-06-01,2130.8982193654365,3978.561504431595,5000.094067219302,-0.19837681602775015,12
1,neural_network_change,7,2020-06-01,2020-07-01,2021-06-01,2229.1400734882413,3473.428451226468,4145.669816801347,-1.0955028395345292,12
1,neural_network_change,8,2021-06-01,2021-07-01,2022-06-01,2195.5285859158425,3680.4727080056623,4465.961309714661,-0.1635271648396044,12
1,neural_network_change,9,2022-06-01,2022-07-01,2023-06-01,2158.97592133288,2949.555743485143,3560.8513646883184,0.18201077710407765,12
1,neural_network_change,10,2023-06-01,2023-07-01,2024-06-01,2274.998537049572,1997.8473147215889,2654.470435473312,0.35334019507155534,12
2,persistence,1,2014-06-01,2014-07-01,2015-06-01,2019.1666666666667,1834.5833333333333,2658.5972648497677,0.3273373467734557,12
2,persistence,2,2015-06-01,2015-07-01,2016-06-01,1994.5555555555557,2631.75,3400.40991401527,0.5264250646324471,12
2,persistence,3,2016-06-01,2016-07-01,2017-06-01,2069.5196078431372,1810.75,2613.59986417202,0.45246386664747296,12
2,persistence,4,2017-06-01,2017-07-01,2018-06-01,2042.280701754386,2406.0833333333335,2945.7873735217213,0.4670811393747495,12
2,persistence,5,2018-06-01,2018-07-01,2019-06-01,2076.9285714285716,2869.1666666666665,3602.5634854456994,0.20779080526931681,12
2,persistence,6,2019-06-01,2019-07-01,2020-06-01,2145.81884057971,2196.1666666666665,2760.0067330835745,0.5242731022092836,12
2,persistence,7,2020-06-01,2020-07-01,2021-06-01,2149.846666666667,2425.3333333333335,2652.3974375396056,-0.2194680336828425,12
2,persistence,8,2021-06-01,2021-07-01,2022-06-01,2170.253086419753,3149.6666666666665,3845.399719144942,0.4489489663072619,12
2,persistence,9,2022-06-01,2022-07-01,2023-06-01,2237.7988505747126,1976.6666666666667,2486.3510747009695,0.137281129422821,12
2,persistence,10,2023-06-01,2023-07-01,2024-06-01,2220.951612903226,3060.9166666666665,3610.5552089210137,0.49692210772717993,12
2,seasonal_naive,1,2014-06-01,2014-07-01,2015-06-01,2219.25641025641,1830.5833333333333,2354.763416991185,0.47230039517834155,12
2,seasonal_naive,2,2015-06-01,2015-07-01,2016-06-01,2167.4333333333334,3372.75,4273.703068378367,0.25194272565628917,12
2,seasonal_naive,3,2016-06-01,2016-07-01,2017-06-01,2309.235294117647,1741.75,2275.727337944216,0.5848786785210671,12
2,seasonal_naive,4,2017-06-01,2017-07-01,2018-06-01,2249.5,1230.8333333333333,1710.6249345390318,0.8202917999567808,12
2,seasonal_naive,5,2018-06-01,2018-07-01,2019-06-01,2152.4841269841268,2876.9166666666665,3382.0536290839623,0.30180365195386305,12
2,seasonal_naive,6,2019-06-01,2019-07-01,2020-06-01,2215.478260869565,2870.5,3773.272805757181,0.11085245142352684,12
2,seasonal_naive,7,2020-06-01,2020-07-01,2021-06-01,2267.88,4368.25,5219.684241727015,-3.722605673738321,12
2,seasonal_naive,8,2021-06-01,2021-07-01,2022-06-01,2423.462962962963,3145.5,3898.453796058124,0.4336386299231324,12
2,seasonal_naive,9,2022-06-01,2022-07-01,2023-06-01,2473.2586206896553,3281.0,4365.693282095449,-1.659811355880366,12
2,seasonal_naive,10,2023-06-01,2023-07-01,2024-06-01,2525.3709677419356,4227.166666666667,5095.525978738603,-0.0019943959857622318,12
2,forecast_flow_identity,1,2014-06-01,2014-07-01,2015-06-01,1628.8124440953131,1638.797836882252,2055.412159924554,0.5979407559550269,12
2,forecast_flow_identity,2,2015-06-01,2015-07-01,2016-06-01,1630.1438298002383,2382.1294463093914,2849.1497728873014,0.6675267409754853,12
2,forecast_flow_identity,3,2016-06-01,2016-07-01,2017-06-01,1718.6127258601384,1504.799965233636,1875.7884066275965,0.7179654709192901,12
2,forecast_flow_identity,4,2017-06-01,2017-07-01,2018-06-01,1696.1061194784018,1182.4105646154414,1421.5701098072946,0.8758934037745519,12
2,forecast_flow_identity,5,2018-06-01,2018-07-01,2019-06-01,1647.1827333009767,1526.3825675905366,1826.1169114298546,0.7964487611388051,12
2,forecast_flow_identity,6,2019-06-01,2019-07-01,2020-06-01,1636.6783710652862,2029.405377668305,2344.244203223744,0.6568032822015982,12
2,forecast_flow_identity,7,2020-06-01,2020-07-01,2021-06-01,1668.096531593528,2413.0572737565526,3040.47327495058,-0.6024172149603437,12
2,forecast_flow_identity,8,2021-06-01,2021-07-01,2022-06-01,1723.2788087907886,1727.3324325805195,2132.3039956685466,0.8305634568533384,12
2,forecast_flow_identity,9,2022-06-01,2022-07-01,2023-06-01,1723.5583690521498,1830.50233475356,2341.1457024096176,0.23510595271405021,12
2,forecast_flow_identity,10,2023-06-01,2023-07-01,2024-06-01,1730.4579797425633,1784.988035879809,2203.5631017155174,0.8126135276236746,12
2,constrained_level,1,2014-06-01,2014-07-01,2015-06-01,1501.3200930429884,2258.0211346897104,2817.970905560826,0.24427251297429697,12
2,constrained_level,2,2015-06-01,2015-07-01,2016-06-01,1581.7550371025095,2178.86401433406,2860.88945164343,0.6647812408625369,12
2,constrained_level,3,2016-06-01,2016-07-01,2017-06-01,1643.9352206080905,1560.3458610886998,2026.3818648272936,0.6708626508532636,12
2,constrained_level,4,2017-06-01,2017-07-01,2018-06-01,1617.9222185159792,1851.7266193892483,2443.2648285576747,0.63339415527717,12
2,constrained_level,5,2018-06-01,2018-07-01,2019-06-01,1633.2042706342013,1869.7563245245947,2417.4141692098756,0.6432871784798981,12
2,constrained_level,6,2019-06-01,2019-07-01,2020-06-01,1644.3638146324888,2054.530920913696,2877.4234606315126,0.4829351866606879,12
2,constrained_level,7,2020-06-01,2020-07-01,2021-06-01,1657.6482314529203,2200.331191834795,2547.062149505618,-0.12453326089992434,12
2,constrained_level,8,2021-06-01,2021-07-01,2022-06-01,1695.0931680784095,2758.9087009628406,3186.484387980355,0.6216162901293817,12
2,constrained_level,9,2022-06-01,2022-07-01,2023-06-01,1775.4544125467714,2603.6924771968957,3061.327009497886,-0.3078677814914188,12
2,constrained_level,10,2023-06-01,2023-07-01,2024-06-01,1823.7710741667674,2510.412331758735,2914.647235835693,0.6721620312078218,12
2,ridge_change,1,2014-06-01,2014-07-01,2015-06-01,1354.9786610788722,1630.8732950707672,2026.2496953504537,0.6092687615741981,12
2,ridge_change,2,2015-06-01,2015-07-01,2016-06-01,1380.1430518810776,1783.859845705848,2702.8022356895267,0.7008047459994005,12
2,ridge_change,3,2016-06-01,2016-07-01,2017-06-01,1437.6087143128605,886.2962393403317,1184.8275585272734,0.8874760727867995,12
2,ridge_change,4,2017-06-01,2017-07-01,2018-06-01,1368.0403051176756,1601.8218643384491,2086.7373792994595,0.7325799971264637,12
2,ridge_change,5,2018-06-01,2018-07-01,2019-06-01,1384.8828846999443,2021.2619481496604,2552.1200591493034,0.6024252494935246,12
2,ridge_change,6,2019-06-01,2019-07-01,2020-06-01,1436.8542074896172,2112.652382001051,3088.561088572121,0.40426952740485034,12
2,ridge_change,7,2020-06-01,2020-07-01,2021-06-01,1476.263734997526,2410.2247143715226,2696.6576107787564,-0.2605057701245048,12
2,ridge_change,8,2021-06-01,2021-07-01,2022-06-01,1536.213734448168,2080.6615267051934,2382.4013521814563,0.7884862063434144,12
2,ridge_change,9,2022-06-01,2022-07-01,2023-06-01,1575.4403463930378,1673.421222671878,2154.519307735099,0.35219368746082014,12
2,ridge_change,10,2023-06-01,2023-07-01,2024-06-01,1572.1219360341074,2337.964472307915,2986.534044473221,0.6557910235258303,12
2,seasonal_ridge_change,1,2014-06-01,2014-07-01,2015-06-01,1314.3182674432096,1525.784384944788,1886.2365007900037,0.6614019145667219,12
2,seasonal_ridge_change,2,2015-06-01,2015-07-01,2016-06-01,1327.6846072609633,1718.0138372051163,2493.9619797433807,0.7452549123641597,12
2,seasonal_ridge_change,3,2016-06-01,2016-07-01,2017-06-01,1387.0450902157136,910.510447518914,1148.118214113987,0.8943406826434666,12
2,seasonal_ridge_change,4,2017-06-01,2017-07-01,2018-06-01,1334.8758178533126,1255.1258121975836,1750.3501526400953,0.8118482891905998,12
2,seasonal_ridge_change,5,2018-06-01,2018-07-01,2019-06-01,1293.4254201829963,1849.1476694012745,2351.12383223542,0.6625825021347569,12
2,seasonal_ridge_change,6,2019-06-01,2019-07-01,2020-06-01,1347.5442218442297,2399.735830811503,3835.920103163351,0.08108248402236562,12
2,seasonal_ridge_change,7,2020-06-01,2020-07-01,2021-06-01,1434.5191186475902,2179.577243934413,2333.919121794959,0.05579819669929098,12
2,seasonal_ridge_change,8,2021-06-01,2021-07-01,2022-06-01,1483.427518701086,1925.4851448739034,2305.3032249713438,0.8019545101393966,12
2,seasonal_ridge_change,9,2022-06-01,2022-07-01,2023-06-01,1506.949064235149,1743.861572418288,2241.837996156364,0.29862085851969433,12
2,seasonal_ridge_change,10,2023-06-01,2023-07-01,2024-06-01,1516.5452584587488,1973.3605598717925,2564.160409746904,0.7462666033418565,12
2,polynomial_ridge_change,1,2014-06-01,2014-07-01,2015-06-01,1204.7503027495334,1440.9763987682497,2041.2060124564848,0.6034792796047268,12
2,polynomial_ridge_change,2,2015-06-01,2015-07-01,2016-06-01,1203.1446221444126,1742.4451562367467,2753.285750698026,0.689523498888722,12
2,polynomial_ridge_change,3,2016-06-01,2016-07-01,2017-06-01,1260.6583027877216,1103.1518892539516,1245.1196765355508,0.8757327237110126,12
2,polynomial_ridge_change,4,2017-06-01,2017-07-01,2018-06-01,1248.7654876867482,1288.0781730946146,1966.3279317389402,0.7625510820260676,12
2,polynomial_ridge_change,5,2018-06-01,2018-07-01,2019-06-01,1249.9271120577735,2346.7488872687754,2915.0390408780195,0.4813130226965565,12
2,polynomial_ridge_change,6,2019-06-01,2019-07-01,2020-06-01,1285.4777268372816,1874.0456273072512,2326.2115842676235,0.6620629158516719,12
2,polynomial_ridge_change,7,2020-06-01,2020-07-01,2021-06-01,1302.4160970342784,2057.4577053604626,2265.4214898355062,0.11040721281836885,12
2,polynomial_ridge_change,8,2021-06-01,2021-07-01,2022-06-01,1324.055932799425,1869.3709995964484,2287.7064803600015,0.8049663961756657,12
2,polynomial_ridge_change,9,2022-06-01,2022-07-01,2023-06-01,1331.1883829861108,1669.6775521049549,2105.70305089486,0.38121660965292714,12
2,polynomial_ridge_change,10,2023-06-01,2023-07-01,2024-06-01,1332.8757052628766,2060.0562205678148,2433.925832443587,0.7713864684412979,12
2,spline_ridge_change,1,2014-06-01,2014-07-01,2015-06-01,1148.1665084292083,1993.4534114323171,2350.1611839717884,0.4743610890557606,12
2,spline_ridge_change,2,2015-06-01,2015-07-01,2016-06-01,1216.2783635154783,1642.716308692571,2385.903974755626,0.7668517915532962,12
2,spline_ridge_change,3,2016-06-01,2016-07-01,2017-06-01,1241.5629965804303,1758.1308797887802,2276.207188792732,0.5847035983909477,12
2,spline_ridge_change,4,2017-06-01,2017-07-01,2018-06-01,1252.5505303423897,1405.3599836560534,1822.987606870156,0.7959081179926275,12
2,spline_ridge_change,5,2018-06-01,2018-07-01,2019-06-01,1242.4165007094157,2049.961493648938,2511.9150315265088,0.6148530325746339,12
2,spline_ridge_change,6,2019-06-01,2019-07-01,2020-06-01,1284.1902394499498,1536.8608173747114,2468.2210053918925,0.61954305857349,12
2,spline_ridge_change,7,2020-06-01,2020-07-01,2021-06-01,1268.41273301275,1661.2566008330189,1926.685565828176,0.35654984664545475,12
2,spline_ridge_change,8,2021-06-01,2021-07-01,2022-06-01,1291.7056312251136,1936.1858858969183,2273.146538669444,0.8074410505614794,12
2,spline_ridge_change,9,2022-06-01,2022-07-01,2023-06-01,1303.4474684026427,1326.5328905238032,1769.938053021297,0.5628197561447106,12
2,spline_ridge_change,10,2023-06-01,2023-07-01,2024-06-01,1299.946936689806,1694.9061036806495,2251.968667571308,0.8042904853901776,12
2,random_forest_change,1,2014-06-01,2014-07-01,2015-06-01,1043.0455556939146,1938.9873868102416,2338.048811150404,0.47976525274649595,12
2,random_forest_change,2,2015-06-01,2015-07-01,2016-06-01,1074.3149873560405,1989.6770483820007,2466.891360614673,0.75075514093704,12
2,random_forest_change,3,2016-06-01,2016-07-01,2017-06-01,1135.4832986266058,942.2183913684221,1318.2555175232444,0.8607055597881927,12
2,random_forest_change,4,2017-06-01,2017-07-01,2018-06-01,1094.6818423829895,1230.5581112483644,1684.5456023903264,0.8257295138971674,12
2,random_forest_change,5,2018-06-01,2018-07-01,2019-06-01,1072.2577506533319,1773.3575339890976,2118.659008700075,0.7260074708979289,12
2,random_forest_change,6,2019-06-01,2019-07-01,2020-06-01,1079.4784512180247,1670.909618721027,1913.1243876963003,0.7714275727758997,12
2,random_forest_change,7,2020-06-01,2020-07-01,2021-06-01,1085.5991970025752,1575.1904237801239,2008.3824059042902,0.30082476434607686,12
2,random_forest_change,8,2021-06-01,2021-07-01,2022-06-01,1110.8382672009323,1914.9913410859717,2307.9583337413765,0.8014980538066951,12
2,random_forest_change,9,2022-06-01,2022-07-01,2023-06-01,1136.1855219483502,1664.5939169466503,2128.932928583432,0.36748860552095886,12
2,random_forest_change,10,2023-06-01,2023-07-01,2024-06-01,1149.5344287588766,1613.26885900835,1797.5354770756753,0.8753069656142983,12
2,xgboost_change,1,2014-06-01,2014-07-01,2015-06-01,892.3501101762821,1829.5442708333333,2212.4701596522573,0.5341489779953743,12
2,xgboost_change,2,2015-06-01,2015-07-01,2016-06-01,897.2544270833333,2152.1279296875,2662.7012328830997,0.7096170987728314,12
2,xgboost_change,3,2016-06-01,2016-07-01,2017-06-01,959.4421338848039,1105.3889973958333,1437.8472164303757,0.8342856686208859,12
2,xgboost_change,4,2017-06-01,2017-07-01,2018-06-01,905.9355126096491,1267.5182291666667,1595.9826046530275,0.8435719595568574,12
2,xgboost_change,5,2018-06-01,2018-07-01,2019-06-01,850.5620349702381,1925.41015625,2364.4140848012075,0.6587570650063874,12
2,xgboost_change,6,2019-06-01,2019-07-01,2020-06-01,857.4119678442029,1270.9541015625,1677.7148079858712,0.8242182840205947,12
2,xgboost_change,7,2020-06-01,2020-07-01,2021-06-01,860.2915104166667,1573.6487630208333,2008.605041403798,0.300669744211322,12
2,xgboost_change,8,2021-06-01,2021-07-01,2022-06-01,858.1888744212963,1789.9921875,2265.2025020817496,0.8087845824248961,12
2,xgboost_change,9,2022-06-01,2022-07-01,2023-06-01,855.427734375,1399.2861328125,1856.2640273805546,0.5191341982251423,12
2,xgboost_change,10,2023-06-01,2023-07-01,2024-06-01,844.3320102486559,1996.52734375,2420.9676745017605,0.7738142534728418,12
2,neural_network_change,1,2014-06-01,2014-07-01,2015-06-01,1294.5670667617476,1563.0965676820076,1980.6197705024015,0.6266686777724536,12
2,neural_network_change,2,2015-06-01,2015-07-01,2016-06-01,1308.8190316209036,1665.2608961489816,2449.1539606021156,0.7543264875284501,12
2,neural_network_change,3,2016-06-01,2016-07-01,2017-06-01,1299.616989102395,929.624754404845,1125.6580248396724,0.8984341913879931,12
2,neural_network_change,4,2017-06-01,2017-07-01,2018-06-01,1238.5857640595138,1252.0422421893618,1836.1749020701018,0.7929446808238886,12
2,neural_network_change,5,2018-06-01,2018-07-01,2019-06-01,1194.1164564384421,1783.555803143383,2256.9902944467044,0.6890604425486975,12
2,neural_network_change,6,2019-06-01,2019-07-01,2020-06-01,1220.7721199978907,1489.192391167356,2046.3745312322287,0.7384783375732535,12
2,neural_network_change,7,2020-06-01,2020-07-01,2021-06-01,1223.7647229533331,1852.78396454047,2008.8501994773242,0.30049902182679367,12
2,neural_network_change,8,2021-06-01,2021-07-01,2022-06-01,1227.2384083016243,1793.9134281471713,2065.645330717866,0.8409914957902237,12
2,neural_network_change,9,2022-06-01,2022-07-01,2023-06-01,1247.0802928113967,1665.0074024340167,2122.609467175599,0.3712404582390799,12
2,neural_network_change,10,2023-06-01,2023-07-01,2024-06-01,1256.972383668374,1712.800286130722,2232.561838934645,0.8076490894305011,12
3,persistence,1,2014-06-01,2014-07-01,2015-06-01,2146.269230769231,2105.9166666666665,2814.9620630954632,0.2848446993680991,12
3,persistence,2,2015-06-01,2015-07-01,2016-06-01,2140.8888888888887,2252.75,2841.371426500473,0.3701687410143909,12
3,persistence,3,2016-06-01,2016-07-01,2017-06-01,2154.049019607843,2403.6666666666665,2923.8637109140363,-0.7101939901673773,12
3,persistence,4,2017-06-01,2017-07-01,2018-06-01,2180.3245614035086,2150.0,2592.762651433152,-0.039037837532645,12
3,persistence,5,2018-06-01,2018-07-01,2019-06-01,2177.436507936508,2361.1666666666665,3098.838922349251,0.17615997602028832,12
3,persistence,6,2019-06-01,2019-07-01,2020-06-01,2193.413043478261,4152.666666666667,5030.453756869255,0.1643757861253501,12
3,persistence,7,2020-06-01,2020-07-01,2021-06-01,2350.153333333333,4607.0,5808.054393110772,-0.6254626523484141,12
3,persistence,8,2021-06-01,2021-07-01,2022-06-01,2517.3271604938273,2002.1666666666667,2488.4563823114654,-0.06520727495933754,12
3,persistence,9,2022-06-01,2022-07-01,2023-06-01,2481.7988505747126,2741.8333333333335,3230.655351472825,-0.6712247121782422,12
3,persistence,10,2023-06-01,2023-07-01,2024-06-01,2498.5752688172042,2529.4166666666665,3117.3913640521087,-0.6070957318500922,12
3,seasonal_naive,1,2014-06-01,2014-07-01,2015-06-01,3286.346153846154,2843.5,3951.8537422328777,-0.4094737609112553,12
3,seasonal_naive,2,2015-06-01,2015-07-01,2016-06-01,3227.3,3312.75,3936.9753512902093,-0.20918732220432035,12
3,seasonal_naive,3,2016-06-01,2016-07-01,2017-06-01,3237.3529411764707,2661.25,3036.561775539346,-0.8445709609387386,12
3,seasonal_naive,4,2017-06-01,2017-07-01,2018-06-01,3176.7105263157896,2554.75,3317.237970058826,-0.700822899669767,12
3,seasonal_naive,5,2018-06-01,2018-07-01,2019-06-01,3117.4761904761904,2891.75,3551.9075743418025,-0.0823511809061972,12
3,seasonal_naive,6,2019-06-01,2019-07-01,2020-06-01,3097.8478260869565,4188.333333333333,5318.616894143313,0.06589840978849681,12
3,seasonal_naive,7,2020-06-01,2020-07-01,2021-06-01,3185.0866666666666,5993.25,7066.389230009907,-1.4060838412910046,12
3,seasonal_naive,8,2021-06-01,2021-07-01,2022-06-01,3393.098765432099,4086.5833333333335,5096.980944637718,-3.468894252826275,12
3,seasonal_naive,9,2022-06-01,2022-07-01,2023-06-01,3440.925287356322,1904.75,2181.7746408218545,0.23779223527174986,12
3,seasonal_naive,10,2023-06-01,2023-07-01,2024-06-01,3341.8172043010754,3171.5833333333335,4020.9684467799543,-1.6737476878564164,12
3,forecast_flow_identity,1,2014-06-01,2014-07-01,2015-06-01,2553.139771481551,2090.118443723853,2556.0485912141485,0.4103511164355983,12
3,forecast_flow_identity,2,2015-06-01,2015-07-01,2016-06-01,2491.4035944471916,1636.2759861486254,2061.455677301065,0.6684750663198586,12
3,forecast_flow_identity,3,2016-06-01,2016-07-01,2017-06-01,2390.800346412066,2359.964871202803,2650.396451318295,-0.40524745828199205,12
3,forecast_flow_identity,4,2017-06-01,2017-07-01,2018-06-01,2387.5545069163545,2708.123785566417,3330.2770986714695,-0.7142200903429032,12
3,forecast_flow_identity,5,2018-06-01,2018-07-01,2019-06-01,2418.0849144068357,2583.052383871184,2991.2448940203144,0.23237550741611712,12
3,forecast_flow_identity,6,2019-06-01,2019-07-01,2020-06-01,2432.4299117515625,3535.861647520613,4427.303780090879,0.35274511282539767,12
3,forecast_flow_identity,7,2020-06-01,2020-07-01,2021-06-01,2520.7044506130865,4553.575192564053,5697.823735690491,-0.5643490600397421,12
3,forecast_flow_identity,8,2021-06-01,2021-07-01,2022-06-01,2671.28746853538,2884.2588674199383,3550.3830679906187,-1.1683255418041347,12
3,forecast_flow_identity,9,2022-06-01,2022-07-01,2023-06-01,2685.9751512170737,2516.0374676061997,3109.642032964585,-0.5483687072656087,12
3,forecast_flow_identity,10,2023-06-01,2023-07-01,2024-06-01,2675.011429693792,3276.499893046952,4129.2471744231325,-1.8196866771259685,12
3,constrained_level,1,2014-06-01,2014-07-01,2015-06-01,1882.3078949002143,2081.9169318591617,2743.683899549256,0.3206033222587864,12
3,constrained_level,2,2015-06-01,2015-07-01,2016-06-01,1899.5049576687568,2093.142824623343,2468.386564058886,0.5246707486576319,12
3,constrained_level,3,2016-06-01,2016-07-01,2017-06-01,1901.0810294524028,2377.4673838017093,2874.5190721381186,-0.6529568426686929,12
3,constrained_level,4,2017-06-01,2017-07-01,2018-06-01,1938.4661771535416,1662.8773209125113,1942.7192032451267,0.4166544287398366,12
3,constrained_level,5,2018-06-01,2018-07-01,2019-06-01,1901.2948603643015,2441.8381428632274,2948.439609490609,0.254188017657363,12
3,constrained_level,6,2019-06-01,2019-07-01,2020-06-01,1919.650581384088,4964.3830922168345,5700.174210268753,-0.07293386157429249,12
3,constrained_level,7,2020-06-01,2020-07-01,2021-06-01,2142.905906316846,4925.039040260498,5594.785152112304,-0.5082817381136402,12
3,constrained_level,8,2021-06-01,2021-07-01,2022-06-01,2317.7516190015745,1944.2130149962359,2240.913839041626,0.1361777713798299,12
3,constrained_level,9,2022-06-01,2022-07-01,2023-06-01,2290.3169937904922,2350.5488423262746,2854.354954305507,-0.30457648927858827,12
3,constrained_level,10,2023-06-01,2023-07-01,2024-06-01,2292.9622473282843,2578.0747486482323,3022.422620274406,-0.51066954373296,12
3,ridge_change,1,2014-06-01,2014-07-01,2015-06-01,1835.8588640888884,1860.8925717718,2660.7749836217317,0.36104309655396116,12
3,ridge_change,2,2015-06-01,2015-07-01,2016-06-01,1831.6636890929503,1873.6667414771885,2424.046847659786,0.5415940866423211,12
3,ridge_change,3,2016-06-01,2016-07-01,2017-06-01,1827.6295210472026,1949.6358430016382,2529.2307811341443,-0.2796996255767752,12
3,ridge_change,4,2017-06-01,2017-07-01,2018-06-01,1832.5939692217594,1592.943460792554,2118.2091120861073,0.3065047307956127,12
3,ridge_change,5,2018-06-01,2018-07-01,2019-06-01,1802.4101873341629,1976.918630678875,2648.5999663521484,0.3981647500300649,12
3,ridge_change,6,2019-06-01,2019-07-01,2020-06-01,1794.2650044861002,4244.86720063039,4920.499032191419,0.2005063929029266,12
3,ridge_change,7,2020-06-01,2020-07-01,2021-06-01,2000.2398201285346,3733.8883709136703,4922.246696091174,-0.16746104363802172,12
3,ridge_change,8,2021-06-01,2021-07-01,2022-06-01,2100.7778161307037,1758.6070740148134,2196.782497636209,0.16986604590532317,12
3,ridge_change,9,2022-06-01,2022-07-01,2023-06-01,2074.252707227498,2148.600261157746,2537.916234970027,-0.03135495016579393,12
3,ridge_change,10,2023-06-01,2023-07-01,2024-06-01,2077.355937449241,2451.3235524245806,3025.9896434072034,-0.5142373922168193,12
3,seasonal_ridge_change,1,2014-06-01,2014-07-01,2015-06-01,1808.4638527012075,1718.7232253098227,2479.1660586903663,0.4452893496236343,12
3,seasonal_ridge_change,2,2015-06-01,2015-07-01,2016-06-01,1787.5447733599908,1980.9436530884548,2476.7134071435053,0.5214583927951415,12
3,seasonal_ridge_change,3,2016-06-01,2016-07-01,2017-06-01,1801.7644521901996,2027.1664512433235,2468.8579595387037,-0.2193358269005523,12
3,seasonal_ridge_change,4,2017-06-01,2017-07-01,2018-06-01,1820.5245877593948,1685.258985948196,2147.059626004192,0.28748493752535564,12
3,seasonal_ridge_change,5,2018-06-01,2018-07-01,2019-06-01,1796.0619039363366,1710.941154747019,2358.335948189467,0.5228485754674764,12
3,seasonal_ridge_change,6,2019-06-01,2019-07-01,2020-06-01,1767.7341607721894,4364.559485747833,5079.160867862193,0.14811566915912044,12
3,seasonal_ridge_change,7,2020-06-01,2020-07-01,2021-06-01,1976.1089312594988,3920.337362597596,4959.019118916469,-0.18496960542070684,12
3,seasonal_ridge_change,8,2021-06-01,2021-07-01,2022-06-01,2088.2921720507584,1911.947343707794,2237.6239134777957,0.1387122951558747,12
3,seasonal_ridge_change,9,2022-06-01,2022-07-01,2023-06-01,2073.6599979550488,2266.22037217723,2582.2233487826948,-0.06768022017255793,12
3,seasonal_ridge_change,10,2023-06-01,2023-07-01,2024-06-01,2077.0628539316817,2457.169596866035,3019.0025373213803,-0.5072526212112569,12
3,polynomial_ridge_change,1,2014-06-01,2014-07-01,2015-06-01,1808.4638527012082,1718.7232253098227,2479.1660586903663,0.4452893496236343,12
3,polynomial_ridge_change,2,2015-06-01,2015-07-01,2016-06-01,1787.5447733599908,1980.9436530884548,2476.7134071435053,0.5214583927951416,12
3,polynomial_ridge_change,3,2016-06-01,2016-07-01,2017-06-01,1801.7644521901996,2027.1664512433235,2468.8579595387037,-0.2193358269005523,12
3,polynomial_ridge_change,4,2017-06-01,2017-07-01,2018-06-01,1820.5245877593952,1685.258985948196,2147.059626004192,0.28748493752535564,12
3,polynomial_ridge_change,5,2018-06-01,2018-07-01,2019-06-01,1796.0619039363366,1710.941154747018,2358.335948189467,0.5228485754674765,12
3,polynomial_ridge_change,6,2019-06-01,2019-07-01,2020-06-01,1767.734160772189,4364.5594857478345,5079.160867862194,0.14811566915912,12
3,polynomial_ridge_change,7,2020-06-01,2020-07-01,2021-06-01,1976.1089312594988,3920.337362597596,4959.019118916469,-0.18496960542070662,12
3,polynomial_ridge_change,8,2021-06-01,2021-07-01,2022-06-01,2088.2921720507584,1911.947343707794,2237.6239134777957,0.1387122951558747,12
3,polynomial_ridge_change,9,2022-06-01,2022-07-01,2023-06-01,2073.6599979550488,2266.220372177231,2582.2233487826957,-0.06768022017255881,12
3,polynomial_ridge_change,10,2023-06-01,2023-07-01,2024-06-01,2077.0628539316817,2457.169596866035,3019.00253732138,-0.5072526212112567,12
3,spline_ridge_change,1,2014-06-01,2014-07-01,2015-06-01,1701.599139809648,1722.4841014586807,2436.125152196461,0.46438286661226835,12
3,spline_ridge_change,2,2015-06-01,2015-07-01,2016-06-01,1665.2175050845751,2071.6838318060377,2770.5782476436325,0.40116243747999014,12
3,spline_ridge_change,3,2016-06-01,2016-07-01,2017-06-01,1669.9658679216227,2224.3474228795726,2714.363544915054,-0.47389706315896873,12
3,spline_ridge_change,4,2017-06-01,2017-07-01,2018-06-01,1724.290563123559,1699.0470363658424,2193.170044504943,0.25655225285556016,12
3,spline_ridge_change,5,2018-06-01,2018-07-01,2019-06-01,1702.2210298357443,2038.8578149830246,2397.4853213651827,0.5068752544244362,12
3,spline_ridge_change,6,2019-06-01,2019-07-01,2020-06-01,1711.16873440683,3734.787237170481,4404.004488568048,0.3595397215737388,12
3,spline_ridge_change,7,2020-06-01,2020-07-01,2021-06-01,1866.64898971842,3849.5410783384104,4959.367165756035,-0.1851359445249534,12
3,spline_ridge_change,8,2021-06-01,2021-07-01,2022-06-01,1998.6511248735226,2101.231565736792,2469.874621954239,-0.04935847336380039,12
3,spline_ridge_change,9,2022-06-01,2022-07-01,2023-06-01,2008.2706829684291,2243.6401114461382,2564.488447239222,-0.05306476918763403,12
3,spline_ridge_change,10,2023-06-01,2023-07-01,2024-06-01,2015.3472834973893,2495.316495969278,3161.7444922720133,-0.6531514148638002,12
3,random_forest_change,1,2014-06-01,2014-07-01,2015-06-01,1495.154260635622,1934.6846088261627,2631.358123954593,0.37509329107766787,12
3,random_forest_change,2,2015-06-01,2015-07-01,2016-06-01,1525.8671360003555,1884.1743559589522,2545.1698863721267,0.49463897359478504,12
3,random_forest_change,3,2016-06-01,2016-07-01,2017-06-01,1511.7480273363374,2285.164575154915,2725.5150546868595,-0.48603246055617566,12
3,random_forest_change,4,2017-06-01,2017-07-01,2018-06-01,1581.805142077878,1962.3974069736676,2527.495868141456,0.012614494792290043,12
3,random_forest_change,5,2018-06-01,2018-07-01,2019-06-01,1604.5916703862563,2270.0963403921924,2680.424302515795,0.3836151205384878,12
3,random_forest_change,6,2019-06-01,2019-07-01,2020-06-01,1652.649750248154,3791.259337235932,4579.239177562413,0.3075580841175627,12
3,random_forest_change,7,2020-06-01,2020-07-01,2021-06-01,1809.2885530985666,4160.878358168611,5016.514965813214,-0.21260643864172035,12
3,random_forest_change,8,2021-06-01,2021-07-01,2022-06-01,1979.850822453968,2002.9175819001077,2516.9421016705455,-0.08973401947432169,12
3,random_forest_change,9,2022-06-01,2022-07-01,2023-06-01,1977.1924318107356,2107.2443016638376,2469.046072596472,0.023860296737003295,12
3,random_forest_change,10,2023-06-01,2023-07-01,2024-06-01,1973.8668632615859,2342.609173728991,2841.5346063487495,-0.33525739200595295,12
3,xgboost_change,1,2014-06-01,2014-07-01,2015-06-01,1490.7040765224358,1818.935546875,2584.2143787341142,0.3972845191710509,12
3,xgboost_change,2,2015-06-01,2015-07-01,2016-06-01,1487.9522135416667,1827.6243489583333,2520.840712648126,0.5042542472112639,12
3,xgboost_change,3,2016-06-01,2016-07-01,2017-06-01,1445.4684053308824,2338.2200520833335,2762.397762260558,-0.5265237049910731,12
3,xgboost_change,4,2017-06-01,2017-07-01,2018-06-01,1490.726288377193,2009.8756510416667,2543.701837861982,-8.806957711993135e-05,12
3,xgboost_change,5,2018-06-01,2018-07-01,2019-06-01,1475.787357390873,2313.3248697916665,2733.058542410179,0.3591701227035041,12
3,xgboost_change,6,2019-06-01,2019-07-01,2020-06-01,1512.248924365942,3891.2161458333335,4729.87739032015,0.2612517589770357,12
3,xgboost_change,7,2020-06-01,2020-07-01,2021-06-01,1664.9740885416666,4231.448567708333,5275.617132271574,-0.3411031584726083,12
3,xgboost_change,8,2021-06-01,2021-07-01,2022-06-01,1805.8172743055557,1999.7330729166667,2365.5836836664034,0.03738928794563301,12
3,xgboost_change,9,2022-06-01,2022-07-01,2023-06-01,1807.1122485632184,2118.158203125,2463.3680160562058,0.028344784382695498,12
3,xgboost_change,10,2023-06-01,2023-07-01,2024-06-01,1792.1793934811828,2427.380859375,2953.2849431711325,-0.4423471283037965,12
3,neural_network_change,1,2014-06-01,2014-07-01,2015-06-01,1873.4180004773104,1808.1033674147366,2526.042182565335,0.4241140719707218,12
3,neural_network_change,2,2015-06-01,2015-07-01,2016-06-01,1838.8328429517285,1878.702324958488,2496.8495456511773,0.5136454975223657,12
3,neural_network_change,3,2016-06-01,2016-07-01,2017-06-01,1803.8884255400947,2163.3446879523945,2604.0605095089304,-0.35654207565006235,12
3,neural_network_change,4,2017-06-01,2017-07-01,2018-06-01,1742.126402332495,1832.5034917642054,2226.678339856307,0.2336612117342558,12
3,neural_network_change,5,2018-06-01,2018-07-01,2019-06-01,1751.735974877141,1793.9408179186394,2357.5945241663,0.5231485462320185,12
3,neural_network_change,6,2019-06-01,2019-07-01,2020-06-01,1685.126115906291,3969.4651115972033,4698.10607851955,0.2711429970036009,12
3,neural_network_change,7,2020-06-01,2020-07-01,2021-06-01,1814.5438395169222,3609.4455339364176,4647.253735293733,-0.040658931152629085,12
3,neural_network_change,8,2021-06-01,2021-07-01,2022-06-01,1811.6332615897118,1933.3125545500163,2469.177628077665,-0.04876630303707086,12
3,neural_network_change,9,2022-06-01,2022-07-01,2023-06-01,1822.4717335312469,2372.711471261173,2720.965047449652,-0.1854944240108991,12
3,neural_network_change,10,2023-06-01,2023-07-01,2024-06-01,1827.592900684373,2464.6534126977444,3074.5053727984873,-0.5631822119617707,12
4,persistence,1,2014-06-01,2014-07-01,2015-06-01,365.9102564102564,514.5833333333334,661.1815812114954,-0.5573207714318333,12
4,persistence,2,2015-06-01,2015-07-01,2016-06-01,385.73333333333335,325.0833333333333,381.9608400521359,0.5686391544708596,12
4,persistence,3,2016-06-01,2016-07-01,2017-06-01,378.5980392156863,363.25,447.145856143906,0.35245129953485843,12
4,persistence,4,2017-06-01,2017-07-01,2018-06-01,376.9824561403509,374.6666666666667,431.90180211092735,0.2630375944206297,12
4,persistence,5,2018-06-01,2018-07-01,2019-06-01,376.76190476190476,345.6666666666667,392.98960970149494,-0.37352062070749326,12
4,persistence,6,2019-06-01,2019-07-01,2020-06-01,374.05797101449275,473.5,600.9403741914278,0.35965878825259245,12
4,persistence,7,2020-06-01,2020-07-01,2021-06-01,382.0133333333333,380.9166666666667,515.7949366431069,0.5692898930797664,12
4,persistence,8,2021-06-01,2021-07-01,2022-06-01,381.9320987654321,493.8333333333333,686.8774757310555,0.3617028568800088,12
4,persistence,9,2022-06-01,2022-07-01,2023-06-01,389.64942528735634,296.1666666666667,353.6907783172565,0.36140892524124335,12
4,persistence,10,2023-06-01,2023-07-01,2024-06-01,383.6182795698925,212.0,304.37230491619965,0.7177183765283557,12
4,seasonal_naive,1,2014-06-01,2014-07-01,2015-06-01,468.34615384615387,582.8333333333334,712.1632537557663,-0.8067401887872312,12
4,seasonal_naive,2,2015-06-01,2015-07-01,2016-06-01,483.6111111111111,529.8333333333334,717.101341048344,-0.520421882496586,12
4,seasonal_naive,3,2016-06-01,2016-07-01,2017-06-01,489.04901960784315,386.3333333333333,486.4817571091438,0.23350886995569498,12
4,seasonal_naive,4,2017-06-01,2017-07-01,2018-06-01,478.2368421052632,471.4166666666667,576.4703663965159,-0.3128928282846355,12
4,seasonal_naive,5,2018-06-01,2018-07-01,2019-06-01,477.58730158730157,364.0,464.33357262496827,-0.9174904895060323,12
4,seasonal_naive,6,2019-06-01,2019-07-01,2020-06-01,467.71014492753625,934.0833333333334,1158.0037060965449,-1.3777631160721313,12
4,seasonal_naive,7,2020-06-01,2020-07-01,2021-06-01,505.02,451.5833333333333,650.0027564044119,0.31599179628834473,12
4,seasonal_naive,8,2021-06-01,2021-07-01,2022-06-01,501.0617283950617,468.0,592.8915021598247,0.5244296153702191,12
4,seasonal_naive,9,2022-06-01,2022-07-01,2023-06-01,498.7816091954023,683.75,766.8942234754412,-2.002246200968111,12
4,seasonal_naive,10,2023-06-01,2023-07-01,2024-06-01,510.71505376344084,808.0833333333334,888.3355691028776,-1.4045092033341282,12
4,forecast_flow_identity,1,2014-06-01,2014-07-01,2015-06-01,389.9772998315692,551.4135475870454,635.5548691544896,-0.438939993220679,12
4,forecast_flow_identity,2,2015-06-01,2015-07-01,2016-06-01,411.5021328656327,390.112620625651,427.7694075269352,0.4589685807007492,12
4,forecast_flow_identity,3,2016-06-01,2016-07-01,2017-06-01,408.9857196609289,284.41644646498776,384.55243833742384,0.5210555397472545,12
4,forecast_flow_identity,4,2017-06-01,2017-07-01,2018-06-01,395.873164587672,410.3395275890758,482.21399921642285,0.0813397391794497,12
4,forecast_flow_identity,5,2018-06-01,2018-07-01,2019-06-01,397.2509134449486,314.15810249373243,382.60380083834985,-0.30188195573510423,12
4,forecast_flow_identity,6,2019-06-01,2019-07-01,2020-06-01,390.02545162310366,441.22459017515075,544.092389076811,0.4750789496492369,12
4,forecast_flow_identity,7,2020-06-01,2020-07-01,2021-06-01,394.1213827072674,305.57452042172105,436.19804721420644,0.6919662181886926,12
4,forecast_flow_identity,8,2021-06-01,2021-07-01,2022-06-01,387.562355871301,489.68498104154537,624.2378852484323,0.47281311737484766,12
4,forecast_flow_identity,9,2022-06-01,2022-07-01,2023-06-01,394.6052955382145,354.65892738514594,420.5057607167729,0.09735024110518242,12
4,forecast_flow_identity,10,2023-06-01,2023-07-01,2024-06-01,392.02811049608096,239.38377728450442,286.0230670838058,0.7507274484991555,12
4,constrained_level,1,2014-06-01,2014-07-01,2015-06-01,315.4414621320455,540.8627694082853,629.9942683389294,-0.41387097569539755,12
4,constrained_level,2,2015-06-01,2015-07-01,2016-06-01,338.4218995565316,396.79884074138045,479.8102233961193,0.319321494278205,12
4,constrained_level,3,2016-06-01,2016-07-01,2017-06-01,341.1834448484716,371.55048600708204,479.0455069721409,0.2567625957534394,12
4,constrained_level,4,2017-06-01,2017-07-01,2018-06-01,339.8772644421936,310.0039930845872,378.6388212673843,0.43359695359031847,12
4,constrained_level,5,2018-06-01,2018-07-01,2019-06-01,336.9553558246927,310.6890478149865,359.072482378577,-0.14666695166761534,12
4,constrained_level,6,2019-06-01,2019-07-01,2020-06-01,334.5833584339627,485.90445552866936,613.30609224467,0.33303469193676627,12
4,constrained_level,7,2020-06-01,2020-07-01,2021-06-01,345.3995866780448,432.35899527124207,536.7514630994875,0.5335797603905019,12
4,constrained_level,8,2021-06-01,2021-07-01,2022-06-01,351.5858793553222,436.23327022060016,606.2776057005303,0.5027126588257269,12
4,constrained_level,9,2022-06-01,2022-07-01,2023-06-01,356.47680867616464,316.550211017858,367.3904754490135,0.3109810648163879,12
4,constrained_level,10,2023-06-01,2023-07-01,2024-06-01,353.5526922803733,269.73612954583297,366.8989155501903,0.5898287686027889,12
4,ridge_change,1,2014-06-01,2014-07-01,2015-06-01,321.6908063427879,497.8341922151057,597.9595648438793,-0.27373832711581714,12
4,ridge_change,2,2015-06-01,2015-07-01,2016-06-01,344.34205598481645,337.8204130353529,387.69028835001893,0.5556011910775176,12
4,ridge_change,3,2016-06-01,2016-07-01,2017-06-01,341.4787839633417,330.7728835817016,441.6611263896411,0.36823964813816223,12
4,ridge_change,4,2017-06-01,2017-07-01,2018-06-01,340.59732134225493,353.6010783940235,409.51327476779716,0.3374612707268164,12
4,ridge_change,5,2018-06-01,2018-07-01,2019-06-01,340.05927936093053,347.135552557374,388.3026675289669,-0.3409537391796309,12
4,ridge_change,6,2019-06-01,2019-07-01,2020-06-01,338.1715698227718,472.5151483613533,567.0618729902219,0.42982314602797733,12
4,ridge_change,7,2020-06-01,2020-07-01,2021-06-01,349.7611250880501,396.2828323059468,538.5635961095584,0.5304250702143287,12
4,ridge_change,8,2021-06-01,2021-07-01,2022-06-01,352.66706936732027,423.883438572609,615.1583527982679,0.48803744106713653,12
4,ridge_change,9,2022-06-01,2022-07-01,2023-06-01,355.80615392504376,288.1950262775943,327.4609664404761,0.4526130374212334,12
4,ridge_change,10,2023-06-01,2023-07-01,2024-06-01,350.66736385494437,227.32053300509173,325.9121776926927,0.6763515610359088,12
4,seasonal_ridge_change,1,2014-06-01,2014-07-01,2015-06-01,309.13915291923234,494.7552502924046,587.594230319455,-0.22996181355473277,12
4,seasonal_ridge_change,2,2015-06-01,2015-07-01,2016-06-01,331.9091957332361,329.27770871705684,385.6495143512835,0.5602674444602987,12
4,seasonal_ridge_change,3,2016-06-01,2016-07-01,2017-06-01,329.7701997938549,305.10012114106144,413.77925696412234,0.4454873651146116,12
4,seasonal_ridge_change,4,2017-06-01,2017-07-01,2018-06-01,326.8608789991173,326.9527957228449,390.5384389675292,0.3974364269411953,12
4,seasonal_ridge_change,5,2018-06-01,2018-07-01,2019-06-01,326.1005440575573,326.47395556164764,387.85042279253116,-0.3378320190885358,12
4,seasonal_ridge_change,6,2019-06-01,2019-07-01,2020-06-01,325.3801108920731,467.67823337050686,566.2063065199873,0.4315423806092298,12
4,seasonal_ridge_change,7,2020-06-01,2020-07-01,2021-06-01,335.56240587042885,334.0623026894739,477.6434814184182,0.6306495570895907,12
4,seasonal_ridge_change,8,2021-06-01,2021-07-01,2022-06-01,334.1351501611788,389.8229040872113,579.061589855771,0.5463573620731537,12
4,seasonal_ridge_change,9,2022-06-01,2022-07-01,2023-06-01,335.57097006277354,277.0404311021059,306.57343779995693,0.5202174827169044,12
4,seasonal_ridge_change,10,2023-06-01,2023-07-01,2024-06-01,331.5108266169124,233.49411287270436,308.0776194746469,0.7108037614560228,12
4,polynomial_ridge_change,1,2014-06-01,2014-07-01,2015-06-01,309.13915291923234,494.7552502924047,587.594230319455,-0.22996181355473277,12
4,polynomial_ridge_change,2,2015-06-01,2015-07-01,2016-06-01,331.9091957332361,329.27770871705684,385.6495143512835,0.5602674444602987,12
4,polynomial_ridge_change,3,2016-06-01,2016-07-01,2017-06-01,329.7701997938549,305.10012114106144,413.77925696412234,0.4454873651146116,12
4,polynomial_ridge_change,4,2017-06-01,2017-07-01,2018-06-01,326.8608789991173,326.9527957228449,390.5384389675292,0.3974364269411953,12
4,polynomial_ridge_change,5,2018-06-01,2018-07-01,2019-06-01,326.10054405755716,326.47395556164753,387.85042279253116,-0.33783201908853555,12
4,polynomial_ridge_change,6,2019-06-01,2019-07-01,2020-06-01,325.3801108920731,467.67823337050686,566.2063065199873,0.4315423806092298,12
4,polynomial_ridge_change,7,2020-06-01,2020-07-01,2021-06-01,335.56240587042885,334.0623026894739,477.6434814184182,0.6306495570895907,12
4,polynomial_ridge_change,8,2021-06-01,2021-07-01,2022-06-01,334.13515016117884,389.8229040872113,579.061589855771,0.5463573620731537,12
4,polynomial_ridge_change,9,2022-06-01,2022-07-01,2023-06-01,335.57097006277354,277.04043110210597,306.573437799957,0.5202174827169042,12
4,polynomial_ridge_change,10,2023-06-01,2023-07-01,2024-06-01,331.5108266169124,233.49411287270428,308.0776194746469,0.7108037614560228,12
4,spline_ridge_change,1,2014-06-01,2014-07-01,2015-06-01,274.88577680215866,483.66891853883845,562.3891966999055,-0.1267057783005181,12
4,spline_ridge_change,2,2015-06-01,2015-07-01,2016-06-01,293.2474623013389,306.8784067647044,365.92687274234595,0.6040943948497949,12
4,spline_ridge_change,3,2016-06-01,2016-07-01,2017-06-01,292.0928118511732,337.62085689819656,400.86840444994425,0.4795516087763959,12
4,spline_ridge_change,4,2017-06-01,2017-07-01,2018-06-01,289.46614748998326,310.4543429978218,362.2828758599569,0.4814735498130386,12
4,spline_ridge_change,5,2018-06-01,2018-07-01,2019-06-01,290.15396438889866,319.6559746539738,402.51179544149346,-0.44088815424484573,12
4,spline_ridge_change,6,2019-06-01,2019-07-01,2020-06-01,287.51354307396997,466.3102180841206,546.6739791601309,0.4700858790095812,12
4,spline_ridge_change,7,2020-06-01,2020-07-01,2021-06-01,302.4676404926082,359.560789353045,526.7388855856792,0.5508186924514036,12
4,spline_ridge_change,8,2021-06-01,2021-07-01,2022-06-01,304.25497420128244,414.96260442246336,575.1136798244261,0.5525219402133197,12
4,spline_ridge_change,9,2022-06-01,2022-07-01,2023-06-01,308.8754056388405,275.9183731464402,305.53010404025684,0.5234775271824623,12
4,spline_ridge_change,10,2023-06-01,2023-07-01,2024-06-01,306.43556873045696,205.9211036917496,287.13882428799053,0.7487788635348405,12
4,random_forest_change,1,2014-06-01,2014-07-01,2015-06-01,286.9689368463849,498.626989953742,608.8024680448226,-0.3203509779092315,12
4,random_forest_change,2,2015-06-01,2015-07-01,2016-06-01,303.2610887453674,353.9666435526915,407.12793785504033,0.5099223994803721,12
4,random_forest_change,3,2016-06-01,2016-07-01,2017-06-01,295.9321806234494,319.07651433319074,408.8092410798707,0.45872817118667397,12
4,random_forest_change,4,2017-06-01,2017-07-01,2018-06-01,292.76309609052413,327.351021085462,408.9704386735274,0.33921658167141777,12
4,random_forest_change,5,2018-06-01,2018-07-01,2019-06-01,291.8239908827702,256.88859948628266,308.75134402598354,0.15220517523972465,12
4,random_forest_change,6,2019-06-01,2019-07-01,2020-06-01,277.64708530602695,471.70073304030984,534.1199087238793,0.494144799024958,12
4,random_forest_change,7,2020-06-01,2020-07-01,2021-06-01,289.5987738366349,319.3892842891626,442.06158487690357,0.6836291461446605,12
4,random_forest_change,8,2021-06-01,2021-07-01,2022-06-01,285.5537881396592,368.2512895987034,560.7330874135256,0.5746203424295421,12
4,random_forest_change,9,2022-06-01,2022-07-01,2023-06-01,284.6385597300735,315.2725373336607,342.18235420133885,0.40228990523845365,12
4,random_forest_change,10,2023-06-01,2023-07-01,2024-06-01,283.21253734014965,215.85411953745083,273.2368871527498,0.7725159255193815,12
4,xgboost_change,1,2014-06-01,2014-07-01,2015-06-01,254.47798978365384,496.95751953125,602.213345209225,-0.29192509252089005,12
4,xgboost_change,2,2015-06-01,2015-07-01,2016-06-01,279.855517578125,334.6161295572917,389.1979257838029,0.5521381432676072,12
4,xgboost_change,3,2016-06-01,2016-07-01,2017-06-01,272.47219669117646,321.996337890625,404.52201773455744,0.47002138597723997,12
4,xgboost_change,4,2017-06-01,2017-07-01,2018-06-01,274.28296326754383,324.1742757161458,403.7266177793348,0.35605308257793566,12
4,xgboost_change,5,2018-06-01,2018-07-01,2019-06-01,273.80763656374006,251.62430826822916,292.0591743540645,0.24139665419411538,12
4,xgboost_change,6,2019-06-01,2019-07-01,2020-06-01,269.3970858808877,461.5536702473958,530.3654802029223,0.5012313062205997,12
4,xgboost_change,7,2020-06-01,2020-07-01,2021-06-01,277.98955729166664,323.4266357421875,442.19430565868396,0.6834391486796028,12
4,xgboost_change,8,2021-06-01,2021-07-01,2022-06-01,277.23585491415895,369.6494547526042,563.3421676495053,0.5706525661850322,12
4,xgboost_change,9,2022-06-01,2022-07-01,2023-06-01,280.4573708019037,296.9111735026042,327.6094033650969,0.4521166677078555,12
4,xgboost_change,10,2023-06-01,2023-07-01,2024-06-01,278.4783161122312,224.20064290364584,279.6366006263176,0.7617349357202226,12
4,neural_network_change,1,2014-06-01,2014-07-01,2015-06-01,289.0359384304957,495.70382851746353,567.7262389360611,-0.14819199884356982,12
4,neural_network_change,2,2015-06-01,2015-07-01,2016-06-01,309.39719345023866,319.59505800266015,396.64201892278743,0.5348420132635685,12
4,neural_network_change,3,2016-06-01,2016-07-01,2017-06-01,304.00121555223893,306.74782904028456,412.99538249073936,0.44758634213547177,12
4,neural_network_change,4,2017-06-01,2017-07-01,2018-06-01,299.179238109929,297.75431861007746,361.07287473746106,0.48493145445962615,12
4,neural_network_change,5,2018-06-01,2018-07-01,2019-06-01,293.0330113354834,287.9344628471897,342.34583986688546,-0.04232500645887849,12
4,neural_network_change,6,2019-06-01,2019-07-01,2020-06-01,287.85777934544785,464.5224402735644,543.5873861114999,0.47605291536284,12
4,neural_network_change,7,2020-06-01,2020-07-01,2021-06-01,296.6110189317864,306.534364983781,457.8926499920205,0.6605637204675222,12
4,neural_network_change,8,2021-06-01,2021-07-01,2022-06-01,290.59808547361393,384.7365528367124,544.0436874500245,0.5995651184545991,12
4,neural_network_change,9,2022-06-01,2022-07-01,2023-06-01,291.0903095228213,295.1123113086481,338.76824069590265,0.41415767002124915,12
4,neural_network_change,10,2023-06-01,2023-07-01,2024-06-01,288.49098099179633,256.0622813680722,324.9393976777871,0.6782807241096004,12
5,persistence,1,2014-06-01,2014-07-01,2015-06-01,1422.6923076923076,1234.5,1688.1896615408275,0.4416106177181802,12
5,persistence,2,2015-06-01,2015-07-01,2016-06-01,1397.6,1762.1666666666667,2363.858498303145,-0.29847637894042967,12
5,persistence,3,2016-06-01,2016-07-01,2017-06-01,1440.4901960784314,1137.1666666666667,1370.2277791180074,-0.28641933982395473,12
5,persistence,4,2017-06-01,2017-07-01,2018-06-01,1408.561403508772,1221.0,1438.9673959706893,0.6038395511124828,12
5,persistence,5,2018-06-01,2018-07-01,2019-06-01,1390.6984126984128,1339.25,1642.5575332389426,-0.3687765796514644,12
5,persistence,6,2019-06-01,2019-07-01,2020-06-01,1386.2246376811595,1955.8333333333333,2361.249139756328,0.012546189555965204,12
5,persistence,7,2020-06-01,2020-07-01,2021-06-01,1431.7933333333333,1132.9166666666667,1337.1306031947665,-0.07895593567306114,12
5,persistence,8,2021-06-01,2021-07-01,2022-06-01,1409.6543209876543,1215.0,1447.6723846690359,-0.4423678884267319,12
5,persistence,9,2022-06-01,2022-07-01,2023-06-01,1396.2298850574712,1577.1666666666667,1944.1133368882242,0.277185901177624,12
5,persistence,10,2023-06-01,2023-07-01,2024-06-01,1407.9032258064517,1394.0,1578.8476810636294,0.09020052908045118,12
5,seasonal_naive,1,2014-06-01,2014-07-01,2015-06-01,2113.576923076923,1262.1666666666667,1484.5815347542666,0.5681799653155835,12
5,seasonal_naive,2,2015-06-01,2015-07-01,2016-06-01,2000.0555555555557,1388.25,1967.1477024700848,0.10078189652242675,12
5,seasonal_naive,3,2016-06-01,2016-07-01,2017-06-01,1928.078431372549,1417.5,1823.812855896496,-1.2790695054138168,12
5,seasonal_naive,4,2017-06-01,2017-07-01,2018-06-01,1874.3333333333333,2234.25,2553.248274257715,-0.24725513756766482,12
5,seasonal_naive,5,2018-06-01,2018-07-01,2019-06-01,1908.611111111111,1746.25,2071.8476255104606,-1.177744917449005,12
5,seasonal_naive,6,2019-06-01,2019-07-01,2020-06-01,1894.4927536231885,1832.0833333333333,2389.325201111533,-0.011075745224685685,12
5,seasonal_naive,7,2020-06-01,2020-07-01,2021-06-01,1889.5,1468.75,2063.012703951836,-1.5683834089529376,12
5,seasonal_naive,8,2021-06-01,2021-07-01,2022-06-01,1858.3333333333333,1323.6666666666667,1571.405634031731,-0.6994644209370404,12
5,seasonal_naive,9,2022-06-01,2022-07-01,2023-06-01,1821.4597701149426,1925.9166666666667,2675.4824331323875,-0.3689502439281427,12
5,seasonal_naive,10,2023-06-01,2023-07-01,2024-06-01,1828.1989247311828,2116.4166666666665,2690.9620801242568,-1.6428977950405477,12
5,forecast_flow_identity,1,2014-06-01,2014-07-01,2015-06-01,1417.5020468823989,1014.7936717218896,1220.6986982083404,0.7080478742064189,12
5,forecast_flow_identity,2,2015-06-01,2015-07-01,2016-06-01,1363.8075968609978,1827.015639632663,2273.704097583696,-0.20132078362242978,12
5,forecast_flow_identity,3,2016-06-01,2016-07-01,2017-06-01,1418.3026607164873,1238.751872837105,1469.0699539202126,-0.47870648560166984,12
5,forecast_flow_identity,4,2017-06-01,2017-07-01,2018-06-01,1399.402577781816,879.3027843712998,956.5722009958774,0.8249328270073109,12
5,forecast_flow_identity,5,2018-06-01,2018-07-01,2019-06-01,1349.8692641236714,1146.4451299724594,1481.4472200932396,-0.11343213557033138,12
5,forecast_flow_identity,6,2019-06-01,2019-07-01,2020-06-01,1332.1802089800879,2262.8484679626363,2617.3086787889706,-0.2132297608473539,12
5,forecast_flow_identity,7,2020-06-01,2020-07-01,2021-06-01,1406.6336696986918,664.3464040953764,965.6404336051206,0.4372870163157292,12
5,forecast_flow_identity,8,2021-06-01,2021-07-01,2022-06-01,1351.64942780215,1326.2874006777777,1578.2186918403668,-0.7142329177975602,12
5,forecast_flow_identity,9,2022-06-01,2022-07-01,2023-06-01,1349.9003224832277,1490.4192991385953,1904.206479327772,0.3065557792702187,12
5,forecast_flow_identity,10,2023-06-01,2023-07-01,2024-06-01,1358.9660629126063,1480.9748673239164,1785.3584343766859,-0.16336515560169795,12
5,constrained_level,1,2014-06-01,2014-07-01,2015-06-01,1143.8663721873454,1112.4672965715727,1347.9863122316797,0.6439871747610602,12
5,constrained_level,2,2015-06-01,2015-07-01,2016-06-01,1136.6090798917585,1793.1410398492737,2332.0002305789894,-0.2637124957152406,12
5,constrained_level,3,2016-06-01,2016-07-01,2017-06-01,1209.1380625659606,1186.003535085054,1317.0008079192253,-0.18841768937158632,12
5,constrained_level,4,2017-06-01,2017-07-01,2018-06-01,1189.6247518323619,1054.0318877400034,1338.0485392247087,0.6574586981795989,12
5,constrained_level,5,2018-06-01,2018-07-01,2019-06-01,1170.0494423850491,1276.8890095899608,1713.6483894830344,-0.48982349574638495,12
5,constrained_level,6,2019-06-01,2019-07-01,2020-06-01,1178.031977597534,1717.5838779603591,2148.6749329092636,0.18233652340513262,12
5,constrained_level,7,2020-06-01,2020-07-01,2021-06-01,1217.763979393703,1045.8568680554142,1375.2597913881132,-0.1413676062750464,12
5,constrained_level,8,2021-06-01,2021-07-01,2022-06-01,1214.3993678896525,1178.7334086342164,1290.2520727370133,-0.14573609675327504,12
5,constrained_level,9,2022-06-01,2022-07-01,2023-06-01,1198.3937759710163,1068.9170200034923,1523.3885108018444,0.5561821066500408,12
5,constrained_level,10,2023-06-01,2023-07-01,2024-06-01,1188.742677696923,1223.0759281255175,1355.2282524082098,0.32966776175056356,12
5,ridge_change,1,2014-06-01,2014-07-01,2015-06-01,1125.5958262288427,1098.7811537455602,1320.2158240453932,0.6585048447836416,12
5,ridge_change,2,2015-06-01,2015-07-01,2016-06-01,1116.6275843526607,1695.670379431475,2272.7658928193796,-0.20032957957982878,12
5,ridge_change,3,2016-06-01,2016-07-01,2017-06-01,1175.390878640845,1090.209924702802,1277.4848626344817,-0.11817183861936575,12
5,ridge_change,4,2017-06-01,2017-07-01,2018-06-01,1159.3659669800788,997.7564072412882,1215.4461250195386,0.7173554379797878,12
5,ridge_change,5,2018-06-01,2018-07-01,2019-06-01,1137.9832917933222,1193.81007337338,1523.7921646586776,-0.1779933996902494,12
5,ridge_change,6,2019-06-01,2019-07-01,2020-06-01,1141.650406461801,1596.3725620530477,2033.6996579915294,0.2675014053526774,12
5,ridge_change,7,2020-06-01,2020-07-01,2021-06-01,1181.624037113905,878.2205095440946,1285.8670881313362,0.0021891720758937527,12
5,ridge_change,8,2021-06-01,2021-07-01,2022-06-01,1160.4227682461076,1278.3664544423327,1388.82408854285,-0.3274859894124462,12
5,ridge_change,9,2022-06-01,2022-07-01,2023-06-01,1151.9849372823667,1269.8797489739497,1642.6173455323276,0.48399220183133274,12
5,ridge_change,10,2023-06-01,2023-07-01,2024-06-01,1154.8304952079777,1176.607175687838,1368.2583444918198,0.3167157288187603,12
5,seasonal_ridge_change,1,2014-06-01,2014-07-01,2015-06-01,1043.823919438924,985.5204704580989,1185.6231977051837,0.7245847048471998,12
5,seasonal_ridge_change,2,2015-06-01,2015-07-01,2016-06-01,1026.5461498047514,1522.294718969367,2047.4933396436152,0.025826980631960317,12
5,seasonal_ridge_change,3,2016-06-01,2016-07-01,2017-06-01,1066.3954293458805,1125.677229255695,1327.3192835401003,-0.20711273769173077,12
5,seasonal_ridge_change,4,2017-06-01,2017-07-01,2018-06-01,1065.8469377013143,747.3792717412101,1010.8830526022134,0.8044890712404396,12
5,seasonal_ridge_change,5,2018-06-01,2018-07-01,2019-06-01,1031.5492370913644,1290.8524816175566,1558.058979289976,-0.2315702006078355,12
5,seasonal_ridge_change,6,2019-06-01,2019-07-01,2020-06-01,1045.729594177466,1613.4372857676435,1916.6763198900578,0.34937504148970744,12
5,seasonal_ridge_change,7,2020-06-01,2020-07-01,2021-06-01,1090.231593673141,1062.5291223925406,1361.2306956993568,-0.11820007962306511,12
5,seasonal_ridge_change,8,2021-06-01,2021-07-01,2022-06-01,1081.0402548046222,1060.5416458875077,1323.7936786980972,-0.20607987546419837,12
5,seasonal_ridge_change,9,2022-06-01,2022-07-01,2023-06-01,1074.8287129000278,1093.5117726124488,1346.9355524211567,0.6530418539914506,12
5,seasonal_ridge_change,10,2023-06-01,2023-07-01,2024-06-01,1080.599370222018,1265.8180201778725,1480.3313776715643,0.20019686483660815,12
5,polynomial_ridge_change,1,2014-06-01,2014-07-01,2015-06-01,1043.8239194389241,985.5204704580983,1185.623197705183,0.7245847048472002,12
5,polynomial_ridge_change,2,2015-06-01,2015-07-01,2016-06-01,1026.5461498047516,1522.2947189693675,2047.4933396436154,0.025826980631960206,12
5,polynomial_ridge_change,3,2016-06-01,2016-07-01,2017-06-01,1066.3954293458805,1125.677229255695,1327.3192835400998,-0.2071127376917301,12
5,polynomial_ridge_change,4,2017-06-01,2017-07-01,2018-06-01,1065.8469377013143,747.3792717412094,1010.8830526022134,0.8044890712404396,12
5,polynomial_ridge_change,5,2018-06-01,2018-07-01,2019-06-01,1031.5492370913641,1290.8524816175566,1558.058979289976,-0.2315702006078355,12
5,polynomial_ridge_change,6,2019-06-01,2019-07-01,2020-06-01,1045.729594177466,1613.4372857676435,1916.6763198900578,0.34937504148970744,12
5,polynomial_ridge_change,7,2020-06-01,2020-07-01,2021-06-01,1090.2315936731413,1062.5291223925408,1361.230695699357,-0.11820007962306578,12
5,polynomial_ridge_change,8,2021-06-01,2021-07-01,2022-06-01,1081.040254804622,1060.5416458875077,1323.7936786980972,-0.20607987546419837,12
5,polynomial_ridge_change,9,2022-06-01,2022-07-01,2023-06-01,1074.8287129000275,1093.511772612449,1346.935552421157,0.6530418539914504,12
5,polynomial_ridge_change,10,2023-06-01,2023-07-01,2024-06-01,1080.599370222018,1265.8180201778732,1480.331377671565,0.20019686483660726,12
5,spline_ridge_change,1,2014-06-01,2014-07-01,2015-06-01,919.9776149047765,1136.69775978646,1390.3906957126144,0.6212362700193971,12
5,spline_ridge_change,2,2015-06-01,2015-07-01,2016-06-01,902.2964785554543,1728.586025808332,2528.7883321275453,-0.48599059176661097,12
5,spline_ridge_change,3,2016-06-01,2016-07-01,2017-06-01,991.6102633834877,915.2864882224367,1220.987767218033,-0.02145596884531553,12
5,spline_ridge_change,4,2017-06-01,2017-07-01,2018-06-01,976.1060745943979,802.011986167955,1037.7941059756367,0.7939409908657217,12
5,spline_ridge_change,5,2018-06-01,2018-07-01,2019-06-01,952.5373301934288,1208.9393391902447,1571.845160824501,-0.25346124160924144,12
5,spline_ridge_change,6,2019-06-01,2019-07-01,2020-06-01,959.9954044985394,1643.2020591230146,2015.058266707392,0.2808683853482208,12
5,spline_ridge_change,7,2020-06-01,2020-07-01,2021-06-01,987.0634093520529,947.8919583571329,1260.5320273516916,0.04112097142563531,12
5,spline_ridge_change,8,2021-06-01,2021-07-01,2022-06-01,980.6842334621423,1088.0836729285013,1311.537360286859,-0.18385032515023036,12
5,spline_ridge_change,9,2022-06-01,2022-07-01,2023-06-01,983.3955190459657,1170.191407791469,1376.4224665037698,0.6376844602639549,12
5,spline_ridge_change,10,2023-06-01,2023-07-01,2024-06-01,982.3825911442882,1165.7785462557358,1369.7364996853003,0.3152386016969271,12
5,random_forest_change,1,2014-06-01,2014-07-01,2015-06-01,788.7619617369078,805.6626645523602,1076.0606877407781,0.7731346289807458,12
5,random_forest_change,2,2015-06-01,2015-07-01,2016-06-01,744.1564344065843,1457.0594881247816,1914.7594788390843,0.1480393071276671,12
5,random_forest_change,3,2016-06-01,2016-07-01,2017-06-01,784.6663402628069,1008.7869514761287,1274.9353175473977,-0.11371310126090362,12
5,random_forest_change,4,2017-06-01,2017-07-01,2018-06-01,783.2651544679403,741.1987358769478,906.7054481010077,0.8427098024158292,12
5,random_forest_change,5,2018-06-01,2018-07-01,2019-06-01,743.2057456720568,977.7828280855687,1293.4883396296732,0.15117840302035812,12
5,random_forest_change,6,2019-06-01,2019-07-01,2020-06-01,744.5909025366709,1675.1811318288085,2113.4607409489236,0.20891794246243744,12
5,random_forest_change,7,2020-06-01,2020-07-01,2021-06-01,767.4213642346347,694.1941072058213,956.2062125149962,0.4482286162415896,12
5,random_forest_change,8,2021-06-01,2021-07-01,2022-06-01,742.7823648040757,1234.890069228473,1409.63267471179,-0.36756312184273887,12
5,random_forest_change,9,2022-06-01,2022-07-01,2023-06-01,771.1864914455356,1255.2219636278014,1633.129693625732,0.48993584263450707,12
5,random_forest_change,10,2023-06-01,2023-07-01,2024-06-01,775.4819591293647,1067.0790206388695,1353.7520571742168,0.33112729791347495,12
5,xgboost_change,1,2014-06-01,2014-07-01,2015-06-01,924.7193509615385,872.1640625,1135.771861986437,0.7472583076376,12
5,xgboost_change,2,2015-06-01,2015-07-01,2016-06-01,894.2347439236111,1537.1796875,1969.819356550616,0.09833771695708415,12
5,xgboost_change,3,2016-06-01,2016-07-01,2017-06-01,955.9778262867648,953.4049479166666,1197.0143135535436,0.018261750160325496,12
5,xgboost_change,4,2017-06-01,2017-07-01,2018-06-01,946.7934313322369,751.9762369791666,912.6751958344246,0.840631787039647,12
5,xgboost_change,5,2018-06-01,2018-07-01,2019-06-01,913.4642082093254,898.5341796875,1270.980612303818,0.18046173395218357,12
5,xgboost_change,6,2019-06-01,2019-07-01,2020-06-01,907.995018115942,1785.6617838541667,2179.178063760668,0.15895622320593683,12
5,xgboost_change,7,2020-06-01,2020-07-01,2021-06-01,961.0617708333333,707.0675455729166,947.359113127759,0.4583916821624141,12
5,xgboost_change,8,2021-06-01,2021-07-01,2022-06-01,942.7061390817901,1202.0867513020833,1356.5457359621469,-0.26649752733680354,12
5,xgboost_change,9,2022-06-01,2022-07-01,2023-06-01,964.0170842313219,1264.2701822916667,1628.9022682933855,0.4925730702418989,12
5,xgboost_change,10,2023-06-01,2023-07-01,2024-06-01,977.1754137264785,1167.16015625,1432.764123282677,0.25077094815016243,12
5,neural_network_change,1,2014-06-01,2014-07-01,2015-06-01,1037.7119646635595,995.6721792407121,1220.2666008814151,0.708254525374352,12
5,neural_network_change,2,2015-06-01,2015-07-01,2016-06-01,960.5775788609598,1612.3548930596871,2138.7075199679516,-0.06290364100341828,12
5,neural_network_change,3,2016-06-01,2016-07-01,2017-06-01,1017.206653629113,1103.8880671832687,1319.5838767543041,-0.1930840116452106,12
5,neural_network_change,4,2017-06-01,2017-07-01,2018-06-01,1019.4802374531884,735.0082045321027,977.2756916451649,0.817272715467274,12
5,neural_network_change,5,2018-06-01,2018-07-01,2019-06-01,960.9567602049303,1261.3670284149696,1548.2403333154928,-0.2160967815778656,12
5,neural_network_change,6,2019-06-01,2019-07-01,2020-06-01,939.4801074278339,1579.9536520378751,1952.2957714094537,0.324967952234512,12
5,neural_network_change,7,2020-06-01,2020-07-01,2021-06-01,1000.0086136714823,1002.2069989352946,1238.0633934950276,0.07499982126800642,12
5,neural_network_change,8,2021-06-01,2021-07-01,2022-06-01,962.7913833392894,1034.3939903606263,1401.909089479655,-0.35261801763222844,12
5,neural_network_change,9,2022-06-01,2022-07-01,2023-06-01,940.4662489196564,1181.4844757891863,1518.8516527150045,0.5588216703439162,12
5,neural_network_change,10,2023-06-01,2023-07-01,2024-06-01,939.3312877491695,1217.0825318805719,1406.8335198904704,0.27764509231162804,12
