month,origin_month,horizon,padd,padd_name,model,stock_kb,previous_stock_kb,stock_change_kb,identity_stock_unclipped_kb,balance_kb,model_reconciliation_kb,supply_kb,total_demand_kb,production_kb,demand_kb,imports_kb,exports_kb,net_receipts_kb,adjustments_kb,biofuels_kb
2026-07-01,2026-06-01,1,1,East Coast,seasonal_naive,58368.0,56678.0,1690.0,54753.712976190465,-1924.2870238095365,3614.2870238095365,97733.01714285715,99657.30416666668,21893.143095238094,99360.49904761906,15342.09410714286,296.80511904761914,61265.135178571414,-767.355238095238,0.0
2026-08-01,2026-06-01,2,1,East Coast,seasonal_naive,56697.0,58368.0,-1671.0,54123.62595238094,-630.0870238095249,-1040.912976190475,99815.01714285713,100445.10416666667,22635.143095238094,100345.29904761905,15721.09410714286,99.8051190476191,61614.93517857142,-156.15523809523796,0.0
2026-09-01,2026-06-01,3,1,East Coast,seasonal_naive,57175.0,56697.0,478.0,56207.173993855555,2083.5480414746125,-1605.5480414746125,96411.84239631335,94328.29435483873,23060.21589861751,94155.20552995394,13380.368490783412,173.08882488479264,59654.14372119814,317.1142857142861,0.0
2026-10-01,2026-06-01,4,1,East Coast,seasonal_naive,50974.0,57175.0,-6201.0,51658.48697004601,-4548.6870238095435,-1652.3129761904565,94472.81714285712,99021.50416666668,23952.143095238094,98885.69904761905,8857.29410714286,135.8051190476191,61437.135178571414,226.24476190476247,0.0
2026-11-01,2026-06-01,5,1,East Coast,seasonal_naive,49709.0,50974.0,-1265.0,52243.43501152062,584.9480414746085,-1849.9480414746085,94331.44239631334,93746.49435483872,23620.01589861751,93542.40552995393,10558.568490783411,204.08882488479264,60529.54372119814,-376.6857142857135,0.0
2026-12-01,2026-06-01,6,1,East Coast,seasonal_naive,58895.0,49709.0,9186.0,59361.14798771106,7117.712976190443,2068.2870238095566,103088.81714285712,95971.10416666667,24218.543095238092,95871.49904761906,13953.49410714286,99.6051190476191,63951.53517857141,965.244761904762,0.0
2027-01-01,2026-06-01,7,1,East Coast,seasonal_naive,68046.0,58895.0,9151.0,65534.66096390151,6173.512976190443,2977.4870238095573,96718.21714285712,90544.70416666668,23020.743095238093,90457.29904761906,9248.094107142859,87.40511904761912,64369.93517857141,79.4447619047614,0.0
2027-02-01,2026-06-01,8,1,East Coast,seasonal_naive,67907.0,68046.0,-139.0,65635.83086008244,101.16989618092339,-240.1698961809234,88214.45842046717,88113.28852428624,20472.35460882462,88047.90814979607,8466.868982202446,65.38037449017425,58842.836668520555,432.3981609195401,0.0
2027-03-01,2026-06-01,9,1,East Coast,seasonal_naive,59053.0,67907.0,-8854.0,58053.34383627289,-7582.487023809544,-1271.5129761904564,93552.21714285715,101134.70416666668,22080.343095238095,100995.09904761906,7778.0941071428615,139.60511904761913,63450.93517857142,242.84476190476235,0.0
2027-04-01,2026-06-01,10,1,East Coast,seasonal_naive,56752.0,59053.0,-2301.0,57311.69187774752,-741.6519585253682,-1559.3480414746318,93454.64239631334,94196.29435483871,21771.815898617508,94092.00552995392,11871.568490783413,104.2888248847927,59787.54372119814,23.714285714286163,0.0
2027-05-01,2026-06-01,11,1,East Coast,seasonal_naive,57919.0,56752.0,1167.0,59185.40485393797,1873.7129761904544,-706.7129761904544,101609.81714285714,99736.10416666667,22731.543095238092,99598.09904761905,15688.494107142862,138.00511904761905,62771.73517857141,418.044761904762,0.0
2027-06-01,2026-06-01,12,1,East Coast,seasonal_naive,56678.0,57919.0,-1241.0,60509.352895412594,1323.9480414746176,-2564.9480414746176,98420.24239631333,97096.29435483873,21400.41589861751,97001.60552995393,17039.96849078341,94.68882488479262,59380.54372119814,599.314285714286,0.0
2026-07-01,2026-06-01,1,2,Midwest,seasonal_naive,45493.0,48362.0,-2869.0,48003.90976190474,-358.0902380952641,-2510.909761904736,84904.9238095238,85263.01404761907,72868.82190476189,85032.55809523811,378.8843452380954,230.45595238095248,9190.93011904762,2279.260952380953,187.02648809523805
2026-08-01,2026-06-01,2,2,Midwest,seasonal_naive,45058.0,45493.0,-435.0,46520.219523809494,-1483.690238095247,1048.690238095247,83600.3238095238,85084.01404761907,73979.62190476191,84919.55809523811,382.4843452380952,164.45595238095257,7319.3301190476195,1718.8609523809519,200.0264880952381
2026-09-01,2026-06-01,3,2,Midwest,seasonal_naive,46764.0,45058.0,1706.0,47239.467680491485,719.2481566819937,986.7518433180063,79949.57788018433,79230.32972350233,71972.62119815667,79124.75944700463,341.43001152073754,105.570276497696,6425.745276497696,1031.013824884793,178.76756912442397
2026-10-01,2026-06-01,4,2,Midwest,seasonal_naive,43343.0,46764.0,-3421.0,45924.57744239624,-1314.8902380952436,-2106.1097619047564,80991.92380952381,82306.81404761906,73383.42190476191,82185.1580952381,513.4843452380954,121.6559523809525,5272.3301190476195,1641.4609523809522,181.22648809523807
2026-11-01,2026-06-01,5,2,Midwest,seasonal_naive,47143.0,43343.0,3800.0,48966.02559907825,3041.448156682008,758.5518433179918,83140.37788018433,80098.92972350233,74902.62119815669,80010.15944700463,641.8300115207375,88.77027649769599,4938.545276497696,2496.6138248847924,160.76756912442394
2026-12-01,2026-06-01,6,2,Midwest,seasonal_naive,52702.0,47143.0,5559.0,53425.135360983,4459.109761904741,1099.8902380952586,84569.1238095238,80110.01404761907,79261.8219047619,80025.55809523811,578.4843452380954,84.45595238095247,3312.5301190476207,1278.2609523809526,138.02648809523808
2027-01-01,2026-06-01,7,2,Midwest,seasonal_naive,59122.0,52702.0,6420.0,59461.445122887744,6036.30976190475,383.6902380952497,82185.32380952382,76149.01404761906,76519.62190476191,76075.95809523811,690.6843452380956,73.05595238095248,2749.530119047617,2093.260952380953,132.2264880952381
2027-02-01,2026-06-01,8,2,Midwest,seasonal_naive,60159.0,59122.0,1037.0,60455.41834498634,993.9732220985971,43.02677790140285,72041.3274008157,71047.35417871711,67029.37150908416,71001.18973674455,503.7213440860217,46.1644419725623,3328.6859362254336,1043.0643974786797,136.48421394141633
2027-03-01,2026-06-01,9,2,Midwest,seasonal_naive,57781.0,60159.0,-2378.0,57824.7281068911,-2630.690238095238,252.69023809523787,78128.3238095238,80759.01404761906,71567.22190476191,80729.1580952381,391.48434523809533,29.85595238095251,3572.3301190476213,2433.260952380953,164.02648809523814
2027-04-01,2026-06-01,10,2,Midwest,seasonal_naive,47084.0,57781.0,-10697.0,52284.57626357313,-5540.151843317972,-5156.848156682028,72558.57788018434,78098.72972350231,66117.82119815669,77822.75944700462,182.23001152073738,275.9702764976959,4599.3452764976955,1480.8138248847924,178.36756912442394
2027-05-01,2026-06-01,11,2,Midwest,seasonal_naive,45724.0,47084.0,-1360.0,49974.68602547787,-2309.8902380952554,949.8902380952554,80631.9238095238,82941.81404761906,71770.62190476191,82776.95809523811,219.28434523809543,164.85595238095243,6651.530119047621,1794.660952380952,195.82648809523806
2027-06-01,2026-06-01,12,2,Midwest,seasonal_naive,48362.0,45724.0,2638.0,50805.13418215988,830.4481566820114,1807.5518433179886,83262.77788018434,82432.32972350232,72606.62119815669,82259.95944700463,318.4300115207376,172.37027649769593,7837.3452764976955,2309.4138248847935,190.96756912442396
2026-07-01,2026-06-01,1,3,Gulf Coast,seasonal_naive,86693.0,78218.0,8475.0,77813.41059523808,-404.58940476191856,8879.589404761919,66095.86154761905,66500.45095238095,140362.06047619044,41442.54404761904,1067.0302976190474,25057.906904761905,-75349.08053571427,15.851309523809567,0.0
2026-08-01,2026-06-01,2,3,Gulf Coast,seasonal_naive,82959.0,86693.0,-3734.0,76032.42119047616,-1780.9894047619164,-1953.0105952380836,67442.46154761902,69223.45095238094,139397.66047619045,43532.14404761904,1602.4302976190481,25691.306904761903,-73832.28053571428,274.6513095238097,0.0
2026-09-01,2026-06-01,3,3,Gulf Coast,seasonal_naive,81627.0,82959.0,-1332.0,74449.81854070656,-1582.6026497695966,250.6026497695966,63877.414400921654,65460.01705069124,133984.95529953914,40876.894239631336,935.5906105990781,24583.122811059908,-70735.79406682026,-307.33744239631346,0.0
2026-10-01,2026-06-01,4,3,Gulf Coast,seasonal_naive,78839.0,81627.0,-2788.0,73107.82913594469,-1341.9894047618764,-1446.0105952381236,67247.26154761905,68589.25095238094,138011.8604761905,42657.34404761904,445.6302976190475,25931.90690476191,-71731.48053571428,521.25130952381,0.0
2026-11-01,2026-06-01,5,3,Gulf Coast,seasonal_naive,86878.0,78839.0,8039.0,75955.2264861751,2847.397350230418,5191.602649769582,73675.61440092165,70828.21705069124,144196.75529953916,40493.49423963133,78.79061059907866,30334.722811059906,-70220.39406682027,-379.53744239631317,0.0
2026-12-01,2026-06-01,6,3,Gulf Coast,seasonal_naive,93187.0,86878.0,6309.0,77554.80678379415,1599.5802976190462,4709.419702380954,77824.63124999999,76225.05095238095,149866.06047619047,44518.14404761904,0.0,31706.906904761905,-72111.88053571428,70.45130952380931,0.0
2027-01-01,2026-06-01,7,3,Gulf Coast,seasonal_naive,94303.0,93187.0,1116.0,79309.21737903223,1754.4105952380778,-638.4105952380778,68146.66154761903,66392.25095238094,139926.26047619045,39844.74404761904,150.43029761904816,26547.506904761907,-71897.88053571428,-32.14869047619054,0.0
2027-02-01,2026-06-01,8,3,Gulf Coast,seasonal_naive,87033.0,94303.0,-7270.0,75090.6503082128,-4218.567070819427,-3051.4329291805734,54527.47183166481,58746.03890248424,120570.77253244344,36392.222209862804,837.3664089729325,22353.816692621433,-66824.64181868742,-56.02529106414558,0.0
2027-03-01,2026-06-01,9,3,Gulf Coast,seasonal_naive,88022.0,87033.0,989.0,74700.8609034509,-389.7894047619084,1378.7894047619084,66246.66154761903,66636.45095238094,138148.46047619046,41283.74404761904,1040.2302976190476,25352.706904761904,-72201.08053571428,-740.9486904761909,0.0
2027-04-01,2026-06-01,10,3,Gulf Coast,seasonal_naive,81418.0,88022.0,-6604.0,74610.8582536813,-90.00264976958715,-6513.997350230413,65441.814400921656,65531.817050691236,134612.15529953915,42987.49423963133,1519.5906105990787,22544.32281105991,-70121.39406682027,-568.5374423963135,0.0
2027-05-01,2026-06-01,11,3,Gulf Coast,seasonal_naive,82467.0,81418.0,1049.0,73052.66884891942,-1558.189404761877,2607.189404761877,66669.86154761906,68228.05095238096,141180.26047619048,43163.744047619046,1278.2302976190476,25064.306904761906,-75228.28053571426,-560.3486904761904,0.0
2027-06-01,2026-06-01,12,3,Gulf Coast,seasonal_naive,78218.0,82467.0,-4249.0,71183.66619914984,-1869.0026497695835,-2379.9973502304165,65255.41440092165,67124.41705069123,137296.35529953917,42318.49423963133,1373.390610599079,24805.922811059907,-72720.59406682028,-693.7374423963133,0.0
2026-07-01,2026-06-01,1,4,Rocky Mountain,seasonal_naive,6981.0,7075.0,-94.0,6911.1673214285665,-163.83267857143352,69.83267857143352,10228.959047619044,10392.791726190477,11481.77095238095,10391.168392857144,45.49535714285714,1.6233333333333342,-784.8839285714287,-513.4233333333333,0.0
2026-08-01,2026-06-01,2,4,Rocky Mountain,seasonal_naive,6644.0,6981.0,-337.0,6786.334642857132,-124.8326785714342,-212.1673214285658,9911.959047619044,10036.791726190479,11229.77095238095,10032.568392857145,12.295357142857169,4.2233333333333345,-782.2839285714284,-547.8233333333334,0.0
2026-09-01,2026-06-01,3,4,Rocky Mountain,seasonal_naive,7195.0,6644.0,551.0,7041.3804377880015,255.04579493086888,295.95420506913115,9646.250691244235,9391.204896313367,10847.365437788016,9385.388767281109,29.040668202764987,5.816129032258066,-752.6425115207378,-477.51290322580644,0.0
2026-10-01,2026-06-01,4,4,Rocky Mountain,seasonal_naive,7282.0,7195.0,87.0,7149.54775921657,108.16732142856796,-21.16732142856796,9739.759047619045,9631.591726190478,11252.37095238095,9626.968392857145,6.095357142857149,4.623333333333333,-1038.0839285714285,-480.6233333333333,0.0
2026-11-01,2026-06-01,5,4,Rocky Mountain,seasonal_naive,8187.0,7282.0,905.0,7670.79355414744,521.2457949308704,383.7542050691296,9284.450691244236,8763.204896313366,11010.965437788016,8760.188767281108,0.040668202764995165,3.016129032258064,-1267.8425115207374,-458.7129032258064,0.0
2026-12-01,2026-06-01,6,4,Rocky Mountain,seasonal_naive,8431.0,8187.0,244.0,7929.960875576006,259.1673214285669,-15.16732142856688,9146.759047619045,8887.591726190478,11115.170952380951,8879.968392857145,9.895357142857156,7.623333333333334,-1506.883928571429,-471.42333333333335,0.0
2027-01-01,2026-06-01,7,4,Rocky Mountain,seasonal_naive,8479.0,8431.0,48.0,8273.728197004575,343.76732142856866,-295.76732142856866,8995.559047619046,8651.791726190477,10739.570952380951,8649.168392857144,8.495357142857156,2.623333333333333,-1299.283928571429,-453.22333333333324,0.0
2027-02-01,2026-06-01,8,4,Rocky Mountain,seasonal_naive,9604.0,8479.0,1125.0,8375.744732043506,102.01653503893134,1022.9834649610686,7966.027081942898,7864.010546903968,9420.844063774563,7862.070895439378,3.703704115684104,1.9396514645902858,-985.0700222469411,-473.4506637004077,0.0
2027-03-01,2026-06-01,9,4,Rocky Mountain,seasonal_naive,9245.0,9604.0,-359.0,8218.312053472075,-157.43267857143096,-201.56732142856904,9011.959047619044,9169.391726190475,10358.57095238095,9165.768392857142,26.69535714285716,3.6233333333333335,-900.0839285714287,-473.2233333333333,0.0
2027-04-01,2026-06-01,10,4,Rocky Mountain,seasonal_naive,7437.0,9245.0,-1808.0,7534.157848402944,-684.1542050691304,-1123.8457949308695,8473.250691244237,9157.404896313366,9579.765437788015,9153.788767281108,25.44066820276499,3.616129032258067,-627.4425115207375,-504.5129032258063,0.0
2027-05-01,2026-06-01,11,4,Rocky Mountain,seasonal_naive,7067.0,7437.0,-370.0,6784.125169831513,-750.0326785714313,380.03267857143135,8944.359047619046,9694.391726190477,10171.17095238095,9691.168392857144,15.295357142857153,3.2233333333333323,-724.4839285714286,-517.6233333333332,0.0
2027-06-01,2026-06-01,12,4,Rocky Mountain,seasonal_naive,7075.0,7067.0,8.0,6720.5709647623835,-63.55420506912931,71.55420506912931,9518.650691244236,9582.204896313366,11051.565437788016,9581.188767281108,12.640668202764973,1.0161290322580625,-1003.8425115207378,-541.7129032258064,0.0
2026-07-01,2026-06-01,1,5,West Coast,seasonal_naive,32090.0,29108.0,2982.0,28974.769166666672,-133.23083333332897,3115.230833333329,46807.60476190476,46940.835595238095,36814.638750000006,46118.27595238095,4090.7350595238104,822.5596428571429,5677.899166666666,206.7567261904761,17.57505952380953
2026-08-01,2026-06-01,2,5,West Coast,seasonal_naive,31585.0,32090.0,-505.0,27677.538333333352,-1297.2308333333212,792.2308333333212,45713.00476190476,47010.23559523809,36790.83875000001,46354.07595238095,3401.3350595238107,656.1596428571431,5680.299166666666,-173.04327380952387,13.575059523809525
2026-09-01,2026-06-01,3,5,West Coast,seasonal_naive,30332.0,31585.0,-1253.0,26928.011720430142,-749.5266129032102,-503.4733870967898,43738.10138248848,44487.6279953917,34736.979435483874,43910.05414746543,3442.9113479262687,577.5738479262674,5408.547580645161,133.73231566820277,15.930702764976957
2026-10-01,2026-06-01,4,5,West Coast,seasonal_naive,29010.0,30332.0,-1322.0,26192.38088709682,-735.6308333333218,-586.3691666666782,45038.40476190478,45774.03559523809,34501.63875000001,45046.87595238095,4279.935059523809,727.159642857143,6060.099166666666,181.55672619047618,15.175059523809521
2026-11-01,2026-06-01,5,5,West Coast,seasonal_naive,27501.0,29010.0,-1509.0,26455.05427419361,262.673387096791,-1771.673387096791,43757.10138248849,43494.4279953917,34027.77943548388,42766.05414746543,3318.111347926267,728.3738479262674,6020.147580645161,378.13231566820264,12.93070276497696
2026-12-01,2026-06-01,6,5,West Coast,seasonal_naive,30639.0,27501.0,3138.0,28250.223440860296,1795.1691666666848,1342.8308333333152,45734.604761904775,43939.43559523809,36702.63875000001,42634.27595238094,2814.5350595238097,1305.159642857143,6354.699166666667,-154.04327380952398,16.775059523809517
2027-01-01,2026-06-01,7,5,West Coast,seasonal_naive,31085.0,30639.0,446.0,29265.79260752697,1015.5691666666737,-569.5691666666737,42759.40476190476,41743.835595238095,34305.03875000001,41035.87595238095,2611.93505952381,707.9596428571429,6077.699166666667,-250.04327380952373,14.77505952380952
2027-02-01,2026-06-01,8,5,West Coast,seasonal_naive,29220.0,31085.0,-1865.0,27524.688228587416,-1741.104378939554,-123.89562106044605,37732.41876158695,39473.52314052651,29175.978047830926,38754.38984797923,2941.5053040415282,719.1332925472748,5638.1892361883565,-30.033746755654697,6.779920281794595
2027-03-01,2026-06-01,9,5,West Coast,seasonal_naive,28894.0,29220.0,-326.0,26978.65739525409,-546.030833333326,220.03083333332597,44484.80476190477,45030.835595238095,32500.438750000005,44270.67595238095,5791.73505952381,760.1596428571429,6077.899166666667,102.15672619047605,12.575059523809518
2027-04-01,2026-06-01,10,5,West Coast,seasonal_naive,29008.0,28894.0,114.0,26666.13078235087,-312.52661290321976,426.52661290321976,44037.10138248849,44349.627995391704,31604.17943548388,43624.05414746544,5945.311347926269,725.5738479262674,6361.947580645161,119.33231566820288,6.330702764976968
2027-05-01,2026-06-01,11,5,West Coast,seasonal_naive,27212.0,29008.0,-1796.0,26751.499949017543,85.36916666667548,-1881.3691666666755,46211.00476190477,46125.63559523809,34201.03875000001,45606.27595238095,5249.535059523809,519.359642857143,6529.4991666666665,218.35672619047588,12.575059523809525
2027-06-01,2026-06-01,12,5,West Coast,seasonal_naive,29108.0,27212.0,1896.0,27442.17333611433,690.6733870967887,1205.3266129032113,45627.701382488485,44937.0279953917,34484.77943548388,44295.854147465434,4469.511347926267,641.1738479262672,6506.547580645161,154.73231566820266,12.130702764976961
