month,production_kb,demand_kb,imports_kb,exports_kb,net_receipts_kb,adjustments_kb,biofuels_kb,stock_kb,total_gasoline_stock_kb,finished_stock_kb,blending_stock_kb,finished_production_kb,blending_net_inputs_kb,stock_component_residual_kb,balance_kb,accounting_residual_kb,jodi_CLOSTLV,jodi_IPTRANSF,jodi_PTRANSF,jodi_RECEIPTS,jodi_REFGROUT,jodi_STATDIFF,jodi_STOCKCH,jodi_TOTDEMO,jodi_TOTEXPSB,jodi_TOTIMPSB
2007-01-01,259535.0,275451.0,33411.0,3597.0,0.0,1721.0,0.0,227425.0,227425.0,124256.0,103169.0,258786.0,-749.0,0.0,15619.0,,191308.0,,,,257231.0,,15011.0,277861.0,3597.0,31781.0
2007-02-01,217011.0,252180.0,27174.0,5493.0,0.0,1389.0,0.0,215327.0,215327.0,115992.0,99335.0,224335.0,7324.0,0.0,-12099.0,1.0,181335.0,,,,224334.0,,-9973.0,254362.0,5491.0,27083.0
2007-03-01,241095.0,284505.0,33590.0,5634.0,0.0,1698.0,0.0,201570.0,201570.0,109169.0,92401.0,251123.0,10028.0,0.0,-13756.0,-1.0,169412.0,,,,251393.0,,-11923.0,287613.0,5634.0,33564.0
2007-04-01,235929.0,276464.0,37960.0,3819.0,0.0,1744.0,0.0,196921.0,196921.0,108493.0,88428.0,243657.0,7728.0,0.0,-4650.0,1.0,165799.0,,,,243526.0,,-3613.0,278543.0,3819.0,38569.0
2007-05-01,253931.0,292464.0,46048.0,3624.0,0.0,1935.0,0.0,202746.0,202746.0,114519.0,88227.0,263229.0,9298.0,0.0,5826.0,-1.0,169265.0,,,,263177.0,,3466.0,295128.0,3624.0,45856.0
2007-06-01,248813.0,284740.0,39696.0,3052.0,0.0,2084.0,0.0,205546.0,205546.0,116639.0,88907.0,260588.0,11775.0,0.0,2801.0,-1.0,171224.0,,,,261168.0,,1959.0,287335.0,3052.0,39337.0
2007-07-01,258243.0,298827.0,40888.0,3194.0,0.0,2441.0,0.0,205097.0,205097.0,114241.0,90856.0,263633.0,5390.0,0.0,-449.0,0.0,172642.0,,,,263818.0,,1418.0,301283.0,3193.0,40706.0
2007-08-01,253807.0,297042.0,34221.0,4579.0,0.0,2463.0,0.0,193968.0,193968.0,110623.0,83345.0,264959.0,11152.0,0.0,-11130.0,1.0,161439.0,,,,265174.0,,-11203.0,299833.0,4578.0,33950.0
2007-09-01,247967.0,277628.0,36220.0,2795.0,0.0,2253.0,0.0,199986.0,199986.0,113215.0,86771.0,249612.0,1645.0,0.0,6017.0,1.0,167344.0,,,,249901.0,,5905.0,279860.0,2794.0,35933.0
2007-10-01,252655.0,286318.0,33510.0,4247.0,0.0,3007.0,0.0,198592.0,198592.0,108773.0,89819.0,256560.0,3905.0,0.0,-1393.0,-1.0,166777.0,,,,256845.0,,-567.0,289466.0,4249.0,33235.0
2007-11-01,255090.0,276876.0,30236.0,5387.0,0.0,3103.0,0.0,204759.0,204759.0,110535.0,94224.0,250602.0,-4488.0,0.0,6166.0,1.0,173956.0,,,,250962.0,,7179.0,279378.0,5387.0,30230.0
2007-12-01,271213.0,286778.0,32390.0,6985.0,0.0,3506.0,0.0,218107.0,218107.0,111426.0,106681.0,263530.0,-7683.0,0.0,13346.0,2.0,184336.0,,,,263865.0,,10380.0,288763.0,6984.0,32394.0
2008-01-01,259010.0,273107.0,31550.0,5493.0,0.0,2764.0,0.0,232831.0,232831.0,117418.0,115413.0,263997.0,4987.0,0.0,14724.0,0.0,198188.0,,,,264409.0,,13852.0,275031.0,5494.0,31552.0
2008-02-01,232884.0,257120.0,29367.0,6297.0,0.0,3492.0,0.0,235157.0,235157.0,119915.0,115242.0,246359.0,13475.0,0.0,2326.0,0.0,199541.0,,,,246664.0,,1353.0,258848.0,6296.0,29369.0
2008-03-01,242841.0,281054.0,28538.0,6386.0,0.0,3100.0,0.0,222198.0,222198.0,110601.0,111597.0,259550.0,16709.0,0.0,-12961.0,2.0,189169.0,,,,260054.0,,-10372.0,283537.0,6385.0,28541.0
2008-04-01,228631.0,273367.0,35715.0,6470.0,0.0,4642.0,0.0,211349.0,211349.0,106202.0,105147.0,256798.0,28167.0,0.0,-10849.0,0.0,179980.0,,,,257236.0,,-9189.0,275050.0,6470.0,35718.0
2008-05-01,247452.0,286784.0,38864.0,5972.0,0.0,3436.0,0.0,208345.0,208345.0,106001.0,102344.0,269687.0,22235.0,0.0,-3004.0,0.0,176801.0,,,,270316.0,,-3179.0,289051.0,5972.0,38870.0
2008-06-01,238467.0,273292.0,40587.0,6617.0,0.0,3377.0,0.0,210870.0,210870.0,107316.0,103554.0,256917.0,18450.0,0.0,2522.0,3.0,178652.0,,,,257436.0,,1851.0,275350.0,6615.0,40593.0
2008-07-01,249104.0,283643.0,34286.0,7764.0,0.0,3826.0,0.0,206679.0,206679.0,102257.0,104422.0,264219.0,15115.0,0.0,-4191.0,0.0,173155.0,,,,264810.0,,-5497.0,285649.0,7764.0,34295.0
2008-08-01,242322.0,283160.0,30990.0,4663.0,0.0,3570.0,0.0,195737.0,195737.0,97765.0,97972.0,263891.0,21569.0,0.0,-10941.0,-1.0,165717.0,,,,264229.0,,-7438.0,285401.0,4662.0,30997.0
2008-09-01,214437.0,254916.0,34333.0,3648.0,0.0,4078.0,0.0,190020.0,190020.0,92594.0,97426.0,235663.0,21226.0,0.0,-5716.0,-1.0,160137.0,,,,236102.0,,-5580.0,256761.0,3649.0,34337.0
2008-10-01,253909.0,279750.0,32872.0,4861.0,0.0,2782.0,0.0,194972.0,194972.0,95868.0,99104.0,275561.0,21652.0,0.0,4952.0,0.0,163260.0,,,,275963.0,,3123.0,281991.0,4859.0,32880.0
2008-11-01,249795.0,267115.0,28366.0,4422.0,0.0,2132.0,0.0,203729.0,203729.0,96850.0,106879.0,261671.0,11876.0,0.0,8756.0,1.0,170800.0,,,,262111.0,,7540.0,269174.0,4422.0,28370.0
2008-12-01,256288.0,276748.0,33521.0,6513.0,0.0,3273.0,0.0,213550.0,213550.0,98314.0,115236.0,274360.0,18072.0,0.0,9821.0,0.0,178889.0,,,,274849.0,,8089.0,278488.0,6512.0,33528.0
2009-01-01,243600.0,267311.0,33723.0,5548.0,0.0,1589.0,-30.0,219572.0,219572.0,95266.0,124306.0,261790.0,18190.0,0.0,6023.0,-1.0,184244.0,,18393.0,2120.0,262277.0,-351.0,5355.0,269174.0,5548.0,33722.0
2009-02-01,219155.0,247421.0,30530.0,5312.0,0.0,-114.0,-26.0,216383.0,216383.0,86907.0,129476.0,235412.0,16257.0,0.0,-3188.0,-1.0,184333.0,,16868.0,175.0,236291.0,-3989.0,89.0,248917.0,5312.0,30731.0
2009-03-01,244885.0,275986.0,36089.0,4770.0,0.0,485.0,-27.0,217061.0,217061.0,85864.0,131197.0,268029.0,23144.0,0.0,676.0,2.0,183508.0,,24180.0,576.0,269145.0,-1201.0,-825.0,278344.0,4770.0,35547.0
2009-04-01,238339.0,270873.0,28836.0,4225.0,0.0,1378.0,-14.0,210501.0,210501.0,86034.0,124467.0,261725.0,23386.0,0.0,-6559.0,-1.0,179223.0,,24114.0,1213.0,263166.0,-3299.0,-4285.0,272464.0,4225.0,28840.0
2009-05-01,252211.0,281602.0,27234.0,6917.0,0.0,2672.0,-16.0,204082.0,204082.0,83542.0,120540.0,272581.0,20370.0,0.0,-6418.0,-1.0,173845.0,,18898.0,2425.0,271335.0,-2850.0,-5378.0,283610.0,6917.0,27437.0
2009-06-01,259303.0,275395.0,30460.0,6439.0,0.0,1872.0,-15.0,213866.0,213866.0,88643.0,125223.0,272046.0,12743.0,0.0,9786.0,-2.0,180877.0,,11752.0,1155.0,271866.0,872.0,7032.0,277342.0,6439.0,30416.0
2009-07-01,262084.0,287073.0,28943.0,7942.0,0.0,2636.0,-19.0,212496.0,212496.0,86143.0,126353.0,277507.0,15423.0,0.0,-1371.0,1.0,178248.0,,14081.0,2376.0,276508.0,-1299.0,-2629.0,289114.0,7941.0,28324.0
2009-08-01,256977.0,288139.0,29128.0,5333.0,0.0,2704.0,-14.0,207819.0,207819.0,86729.0,121090.0,274549.0,17572.0,0.0,-4677.0,0.0,173952.0,,14108.0,1483.0,271934.0,-2850.0,-4296.0,290259.0,5333.0,29137.0
2009-09-01,253708.0,267318.0,24348.0,6206.0,0.0,1722.0,-12.0,214061.0,214061.0,84658.0,129403.0,264856.0,11148.0,0.0,6242.0,0.0,181410.0,,9491.0,910.0,263773.0,-3312.0,7458.0,269198.0,6205.0,24357.0
2009-10-01,255415.0,278577.0,25674.0,7640.0,0.0,2223.0,-19.0,211137.0,211137.0,79383.0,131754.0,271879.0,16464.0,0.0,-2924.0,0.0,176186.0,,15618.0,1301.0,271793.0,32.0,-5224.0,280706.0,7641.0,25679.0
2009-11-01,256020.0,267168.0,23122.0,6192.0,0.0,2839.0,-17.0,219740.0,219740.0,83016.0,136724.0,267162.0,11142.0,0.0,8604.0,-1.0,187028.0,,10621.0,2510.0,267160.0,-3875.0,10842.0,269016.0,6192.0,23126.0
2009-12-01,263036.0,276866.0,25784.0,10211.0,0.0,1816.0,-19.0,223282.0,223282.0,84927.0,138355.0,279190.0,16154.0,0.0,3540.0,2.0,189820.0,,15514.0,1176.0,278950.0,-1212.0,2792.0,278609.0,10211.0,25788.0
2010-01-01,251639.0,264105.0,26888.0,7539.0,0.0,2102.0,-19.0,232248.0,232248.0,87152.0,145096.0,258788.0,7149.0,0.0,8966.0,0.0,198926.0,,6467.0,2905.0,258538.0,-626.0,9106.0,265545.0,7539.0,26588.0
2010-02-01,226008.0,240223.0,22639.0,7816.0,0.0,1710.0,-9.0,234558.0,234558.0,83618.0,150940.0,238285.0,12277.0,0.0,2309.0,1.0,199998.0,,11517.0,1905.0,238017.0,344.0,1072.0,241584.0,7815.0,22410.0
2010-03-01,252168.0,272579.0,21917.0,11900.0,0.0,883.0,-6.0,225042.0,225042.0,81941.0,143101.0,276310.0,24142.0,0.0,-9517.0,1.0,192739.0,,24268.0,2098.0,276620.0,-3156.0,-7259.0,274655.0,11900.0,21690.0
2010-04-01,249055.0,273235.0,29624.0,11213.0,0.0,1209.0,-10.0,220472.0,220472.0,78134.0,142338.0,271857.0,22802.0,0.0,-4570.0,0.0,187569.0,,22969.0,1728.0,272032.0,-447.0,-5170.0,274721.0,11213.0,29526.0
2010-05-01,259045.0,284038.0,27827.0,7228.0,0.0,1668.0,3.0,217749.0,217749.0,75189.0,142560.0,282488.0,23443.0,0.0,-2723.0,0.0,183845.0,,21639.0,1955.0,281176.0,180.0,-3724.0,285929.0,7227.0,28120.0
2010-06-01,255878.0,279329.0,28954.0,10330.0,0.0,2655.0,1.0,215578.0,215578.0,71787.0,143791.0,276333.0,20455.0,0.0,-2171.0,0.0,182354.0,,19319.0,2937.0,275509.0,-1550.0,-1491.0,281119.0,10329.0,29280.0
2010-07-01,268184.0,288327.0,32874.0,9862.0,0.0,1537.0,1.0,219987.0,219987.0,71882.0,148105.0,294506.0,26322.0,0.0,4407.0,2.0,187826.0,,25742.0,2301.0,294981.0,-294.0,5472.0,290181.0,9861.0,33680.0
2010-08-01,262417.0,286917.0,32195.0,8318.0,0.0,1603.0,7.0,220975.0,220975.0,72412.0,148563.0,292208.0,29791.0,0.0,987.0,1.0,188374.0,,29545.0,2449.0,292409.0,2225.0,548.0,288736.0,8317.0,34513.0
2010-09-01,251204.0,273368.0,26482.0,7470.0,0.0,1431.0,3.0,219256.0,219256.0,70207.0,149049.0,274287.0,23083.0,0.0,-1718.0,-1.0,187124.0,,22688.0,2323.0,274338.0,-6.0,-1250.0,275113.0,7471.0,27355.0
2010-10-01,252163.0,279485.0,25993.0,9916.0,0.0,1734.0,1.0,209747.0,209747.0,65103.0,144644.0,280511.0,28348.0,0.0,-9510.0,1.0,178297.0,,28677.0,2603.0,281417.0,-87.0,-8827.0,281530.0,9917.0,27190.0
2010-11-01,258133.0,264478.0,21202.0,13723.0,0.0,1912.0,1.0,212794.0,212794.0,65537.0,147257.0,274024.0,15891.0,0.0,3047.0,0.0,181507.0,,16367.0,3091.0,274648.0,1006.0,3210.0,266135.0,13723.0,22702.0
2010-12-01,275379.0,276236.0,22768.0,17107.0,0.0,1828.0,9.0,219435.0,219435.0,63257.0,156178.0,286803.0,11424.0,0.0,6641.0,0.0,187954.0,,11769.0,3550.0,287426.0,1067.0,6447.0,277681.0,17107.0,23095.0
2011-01-01,262420.0,259475.0,27388.0,14865.0,0.0,740.0,8.0,235649.0,235649.0,69617.0,166032.0,270148.0,7728.0,0.0,16216.0,-2.0,202639.0,,5920.0,1116.0,269323.0,1124.0,14685.0,261039.0,14865.0,27194.0
2011-02-01,224461.0,240912.0,21878.0,12879.0,0.0,1511.0,7.0,229715.0,229715.0,67835.0,161880.0,248245.0,23784.0,0.0,-5934.0,0.0,195916.0,,21529.0,1746.0,246542.0,1301.0,-6723.0,242356.0,12879.0,23054.0
2011-03-01,248593.0,272758.0,24621.0,15751.0,0.0,567.0,25.0,215012.0,215012.0,61206.0,153806.0,276154.0,27561.0,0.0,-14703.0,0.0,184976.0,,26131.0,606.0,274012.0,-6876.0,-10940.0,274917.0,15750.0,24364.0
2011-04-01,238987.0,263888.0,30740.0,16469.0,0.0,-163.0,35.0,204255.0,204255.0,54636.0,149619.0,269350.0,30363.0,0.0,-10758.0,1.0,173640.0,,29049.0,46.0,268379.0,-708.0,-11336.0,265145.0,16470.0,30195.0
2011-05-01,261294.0,273335.0,35634.0,15404.0,0.0,1288.0,30.0,213762.0,213762.0,56353.0,157409.0,283881.0,22587.0,0.0,9507.0,0.0,179662.0,,22464.0,1346.0,283778.0,545.0,6022.0,275250.0,15404.0,34561.0
2011-06-01,255493.0,272011.0,28750.0,12976.0,0.0,1972.0,19.0,215010.0,215010.0,55521.0,159489.0,278670.0,23177.0,0.0,1247.0,1.0,181143.0,,23234.0,2038.0,279002.0,-2147.0,1481.0,273747.0,12976.0,28251.0
2011-07-01,267660.0,279969.0,24288.0,11343.0,0.0,-439.0,14.0,215221.0,215221.0,53335.0,161886.0,284156.0,16496.0,0.0,211.0,0.0,184784.0,,16529.0,-623.0,284631.0,-5525.0,3641.0,281764.0,11342.0,23743.0
2011-08-01,264792.0,276684.0,23066.0,17854.0,0.0,1828.0,12.0,210380.0,210380.0,54546.0,155834.0,287171.0,22379.0,0.0,-4840.0,-1.0,179603.0,,22526.0,1976.0,287890.0,-1174.0,-5181.0,278610.0,17855.0,22770.0
2011-09-01,263231.0,262317.0,20592.0,16946.0,0.0,-100.0,10.0,214849.0,214849.0,56308.0,158541.0,274185.0,10954.0,0.0,4470.0,-1.0,183445.0,,10661.0,-282.0,274419.0,-760.0,3842.0,263807.0,16946.0,20359.0
2011-10-01,257749.0,268106.0,18913.0,17421.0,0.0,630.0,2.0,206616.0,206616.0,55052.0,151564.0,276878.0,19129.0,0.0,-8233.0,0.0,177903.0,,19658.0,663.0,277874.0,-4690.0,-5542.0,270149.0,17421.0,18459.0
2011-11-01,264540.0,256115.0,23911.0,19934.0,0.0,689.0,4.0,219711.0,219711.0,57573.0,162138.0,274218.0,9678.0,0.0,13095.0,0.0,190196.0,,9208.0,292.0,274142.0,-1267.0,12293.0,257770.0,19934.0,23504.0
2011-12-01,270990.0,269184.0,20501.0,20072.0,0.0,1194.0,7.0,223147.0,223147.0,60631.0,162516.0,282972.0,11982.0,0.0,3436.0,0.0,190813.0,,11715.0,896.0,283054.0,948.0,617.0,270568.0,20072.0,19970.0
2012-01-01,251777.0,253903.0,25555.0,13310.0,0.0,375.0,3.0,233644.0,233644.0,61550.0,172094.0,259920.0,8143.0,0.0,10497.0,0.0,202619.0,,9416.0,144.0,261578.0,-2169.0,11806.0,255400.0,13309.0,26040.0
2012-02-01,239920.0,249336.0,19321.0,13405.0,0.0,472.0,9.0,230626.0,230626.0,58671.0,171955.0,249579.0,9659.0,0.0,-3019.0,1.0,197876.0,,10756.0,471.0,251066.0,17.0,-4743.0,250658.0,13405.0,18556.0
2012-03-01,250239.0,266045.0,20116.0,16620.0,0.0,276.0,33.0,218626.0,218626.0,54112.0,164514.0,269844.0,19605.0,0.0,-12001.0,1.0,186358.0,,21075.0,219.0,271686.0,-458.0,-11518.0,267959.0,15345.0,20498.0
2012-04-01,246545.0,262216.0,20956.0,13820.0,0.0,472.0,32.0,210595.0,210595.0,50538.0,160057.0,261603.0,15058.0,0.0,-8031.0,0.0,178555.0,,16691.0,617.0,263370.0,1006.0,-7803.0,263512.0,13820.0,23239.0
2012-05-01,261909.0,278355.0,21944.0,11957.0,0.0,790.0,36.0,204963.0,204963.0,49986.0,154977.0,277437.0,15528.0,0.0,-5633.0,1.0,171173.0,,15464.0,1073.0,277937.0,1272.0,-7382.0,280121.0,11956.0,22421.0
2012-06-01,262647.0,269865.0,22060.0,12656.0,0.0,406.0,32.0,207583.0,207583.0,51896.0,155687.0,274711.0,12064.0,0.0,2624.0,-4.0,173320.0,,13166.0,570.0,276325.0,455.0,2147.0,271390.0,12658.0,22921.0
2012-07-01,268307.0,273119.0,22236.0,14869.0,0.0,-583.0,27.0,209582.0,209582.0,51952.0,157630.0,281251.0,12944.0,0.0,1999.0,0.0,176210.0,,8742.0,-180.0,276931.0,-2198.0,2890.0,274866.0,14870.0,22419.0
2012-08-01,263777.0,283769.0,25835.0,15715.0,0.0,933.0,31.0,200673.0,200673.0,48294.0,152379.0,286335.0,22558.0,0.0,-8908.0,-1.0,168495.0,,17988.0,1339.0,281930.0,-2878.0,-7715.0,285433.0,15714.0,25273.0
2012-09-01,256434.0,256825.0,15753.0,14796.0,0.0,-388.0,33.0,200884.0,200884.0,47788.0,153096.0,266640.0,10206.0,0.0,211.0,0.0,167210.0,,6937.0,43.0,263437.0,624.0,-1285.0,258284.0,14796.0,15876.0
2012-10-01,272008.0,269724.0,16787.0,17603.0,0.0,616.0,25.0,202995.0,202995.0,49668.0,153327.0,284451.0,12443.0,0.0,2109.0,2.0,169934.0,,7352.0,1290.0,280296.0,-1155.0,2724.0,271590.0,17602.0,16527.0
2012-11-01,269582.0,254477.0,15402.0,17664.0,0.0,-587.0,11.0,215263.0,215263.0,52626.0,162637.0,274683.0,5101.0,0.0,12267.0,1.0,182000.0,,877.0,85.0,270890.0,-406.0,12066.0,255979.0,17663.0,15204.0
2012-12-01,282304.0,260055.0,16697.0,23093.0,0.0,-226.0,-2.0,230888.0,230888.0,55211.0,175677.0,280568.0,-1736.0,0.0,15625.0,0.0,197258.0,,-3138.0,258.0,279017.0,-585.0,15258.0,261312.0,23094.0,16666.0
2013-01-01,260738.0,258263.0,18158.0,17346.0,0.0,258.0,5.0,234436.0,234436.0,55228.0,179208.0,270246.0,9508.0,0.0,3550.0,-2.0,199734.0,,6668.0,915.0,267735.0,-2598.0,2476.0,259495.0,20417.0,17808.0
2013-02-01,230228.0,235071.0,16262.0,18893.0,0.0,-216.0,15.0,226762.0,226762.0,53143.0,173619.0,249927.0,19699.0,0.0,-7675.0,1.0,194070.0,,15922.0,26.0,246442.0,-2359.0,-5664.0,236103.0,18590.0,16124.0
2013-03-01,260771.0,267857.0,19581.0,14517.0,0.0,-91.0,21.0,224670.0,224670.0,47327.0,177343.0,278112.0,17341.0,0.0,-2092.0,0.0,192916.0,,15562.0,-85.0,276451.0,-2776.0,-1154.0,269400.0,14282.0,18948.0
2013-04-01,249757.0,265661.0,23926.0,12522.0,0.0,570.0,28.0,220768.0,220768.0,45108.0,175660.0,271260.0,21503.0,0.0,-3902.0,0.0,187431.0,,19805.0,869.0,269250.0,-1761.0,-5485.0,266691.0,14161.0,23292.0
2013-05-01,264704.0,280036.0,26300.0,10845.0,0.0,392.0,48.0,221332.0,221332.0,46376.0,174956.0,288273.0,23569.0,0.0,563.0,1.0,186915.0,,21805.0,519.0,286820.0,-1740.0,-516.0,281492.0,10743.0,24445.0
2013-06-01,264147.0,272325.0,22354.0,12221.0,0.0,1018.0,62.0,224366.0,224366.0,48634.0,175732.0,284165.0,20018.0,0.0,3035.0,-1.0,190885.0,,18093.0,779.0,282828.0,-5263.0,3970.0,273681.0,13944.0,20818.0
2013-07-01,274216.0,283530.0,21104.0,13819.0,0.0,-43.0,63.0,222356.0,222356.0,49726.0,172630.0,290594.0,16378.0,0.0,-2009.0,-1.0,188186.0,,14578.0,-317.0,289130.0,-3230.0,-2699.0,284930.0,15210.0,19976.0
2013-08-01,273105.0,282851.0,18337.0,12782.0,0.0,-630.0,63.0,217597.0,217597.0,47655.0,169942.0,289548.0,16443.0,0.0,-4758.0,-1.0,183734.0,,14971.0,-992.0,288470.0,-3185.0,-4452.0,284275.0,13297.0,17428.0
2013-09-01,266500.0,268394.0,16892.0,13755.0,0.0,891.0,53.0,219785.0,219785.0,39780.0,180005.0,275710.0,9210.0,0.0,2187.0,1.0,186964.0,,7039.0,493.0,274050.0,-3018.0,3230.0,269529.0,13933.0,16170.0
2013-10-01,270049.0,277260.0,17302.0,16440.0,0.0,493.0,47.0,213977.0,213977.0,37595.0,176382.0,293992.0,23943.0,0.0,-5809.0,1.0,181913.0,,22214.0,315.0,292487.0,-5358.0,-5051.0,278753.0,19450.0,17206.0
2013-11-01,270245.0,267685.0,16990.0,17259.0,0.0,544.0,37.0,216849.0,216849.0,37548.0,179301.0,284282.0,14037.0,0.0,2872.0,0.0,185496.0,,13655.0,1079.0,284458.0,-6268.0,3583.0,269080.0,21802.0,16315.0
2013-12-01,286582.0,268756.0,16746.0,24310.0,0.0,897.0,24.0,228034.0,228034.0,38976.0,189058.0,294351.0,7769.0,0.0,11183.0,2.0,194435.0,,5984.0,861.0,292732.0,1307.0,8939.0,269760.0,23793.0,16190.0
2014-01-01,269190.0,256477.0,15296.0,20596.0,0.0,383.0,25.0,235855.0,235855.0,39395.0,196460.0,274319.0,5129.0,0.0,7821.0,0.0,188267.0,1991.0,,25811.0,242710.0,-2404.0,10159.0,257675.0,22239.0,17157.0
2014-02-01,239022.0,242109.0,11390.0,15320.0,0.0,628.0,31.0,229499.0,229499.0,37718.0,191781.0,255095.0,16073.0,0.0,-6358.0,2.0,180392.0,1751.0,,23267.0,214342.0,3120.0,-7875.0,243110.0,14649.0,13644.0
2014-03-01,262168.0,269597.0,16531.0,16220.0,0.0,-819.0,51.0,221612.0,221612.0,34372.0,187240.0,290393.0,28225.0,0.0,-7886.0,-1.0,174567.0,1667.0,,25761.0,235241.0,-143.0,-5825.0,271164.0,16329.0,18856.0
2014-04-01,258234.0,268654.0,18936.0,13451.0,0.0,36.0,47.0,216760.0,216760.0,31138.0,185622.0,289566.0,31332.0,0.0,-4852.0,0.0,168873.0,1551.0,,26125.0,231240.0,1545.0,-5694.0,269713.0,13658.0,20306.0
2014-05-01,272564.0,279707.0,26058.0,17347.0,0.0,-234.0,56.0,218152.0,218152.0,31485.0,186667.0,304857.0,32293.0,0.0,1390.0,2.0,170971.0,1177.0,,27844.0,244604.0,1356.0,2098.0,281122.0,17047.0,27998.0
2014-06-01,266593.0,271182.0,18108.0,12744.0,0.0,249.0,75.0,219252.0,219252.0,28785.0,190467.0,294281.0,27688.0,0.0,1099.0,1.0,169926.0,1060.0,,27061.0,239742.0,3213.0,-1045.0,272429.0,12599.0,19333.0
2014-07-01,280297.0,286708.0,19616.0,15394.0,0.0,418.0,82.0,217561.0,217561.0,28864.0,188697.0,309475.0,29178.0,0.0,-1689.0,-2.0,169891.0,1196.0,,27418.0,252402.0,-2048.0,-35.0,288161.0,15542.0,20604.0
2014-08-01,275907.0,288643.0,20719.0,13647.0,0.0,179.0,68.0,212145.0,212145.0,27721.0,184424.0,301970.0,26063.0,0.0,-5417.0,1.0,164439.0,1095.0,,26846.0,248101.0,7.0,-5452.0,290078.0,13933.0,22524.0
2014-09-01,264121.0,264647.0,13623.0,12827.0,0.0,-44.0,81.0,212451.0,212451.0,28354.0,184097.0,282107.0,17986.0,0.0,307.0,-1.0,167009.0,2180.0,,25830.0,236416.0,-1487.0,2570.0,265823.0,13352.0,15832.0
2014-10-01,271914.0,283586.0,16785.0,14707.0,0.0,729.0,86.0,203673.0,203673.0,27799.0,175874.0,296114.0,24200.0,0.0,-8779.0,1.0,157214.0,2685.0,,26271.0,242572.0,994.0,-9795.0,285090.0,13743.0,18504.0
2014-11-01,286524.0,267635.0,16621.0,20566.0,0.0,879.0,60.0,219555.0,219555.0,29720.0,189835.0,288223.0,1699.0,0.0,15883.0,-1.0,172491.0,2312.0,,25711.0,259177.0,1138.0,15277.0,268921.0,20137.0,18273.0
2014-12-01,302598.0,277164.0,22770.0,27952.0,0.0,521.0,40.0,240368.0,240368.0,31236.0,209132.0,306824.0,4226.0,0.0,20813.0,0.0,191774.0,2478.0,,29242.0,274275.0,6485.0,19283.0,278336.0,27220.0,25329.0
2015-01-01,274216.0,267812.0,19979.0,23018.0,0.0,208.0,38.0,243977.0,243977.0,30540.0,213437.0,287045.0,12829.0,0.0,3611.0,-2.0,194906.0,2068.0,,27559.0,246436.0,3171.0,3132.0,268973.0,22580.0,21793.0
2015-02-01,246053.0,247200.0,16557.0,18665.0,0.0,581.0,45.0,241348.0,241348.0,30424.0,210924.0,266099.0,20046.0,0.0,-2629.0,0.0,194653.0,1980.0,,24449.0,220413.0,-1748.0,-253.0,248257.0,18859.0,18273.0
2015-03-01,269017.0,280752.0,18565.0,15815.0,0.0,496.0,74.0,232931.0,232931.0,26725.0,206206.0,295240.0,26223.0,0.0,-8415.0,-2.0,185387.0,2321.0,,26910.0,240480.0,1185.0,-9266.0,282189.0,16474.0,20871.0
2015-04-01,266633.0,275683.0,20256.0,15249.0,0.0,-388.0,82.0,228581.0,228581.0,25096.0,203485.0,291585.0,24952.0,0.0,-4349.0,-1.0,181601.0,1855.0,,25564.0,240096.0,706.0,-3786.0,276831.0,14863.0,21099.0
2015-05-01,275176.0,287136.0,23637.0,18621.0,0.0,842.0,105.0,222584.0,222584.0,26062.0,196522.0,302907.0,27731.0,0.0,-5997.0,0.0,175029.0,860.0,,27559.0,246970.0,-1543.0,-6572.0,288567.0,18298.0,23361.0
2015-06-01,270736.0,282512.0,24250.0,14723.0,0.0,646.0,118.0,221099.0,221099.0,25212.0,195887.0,295386.0,24650.0,0.0,-1485.0,0.0,172922.0,871.0,,27800.0,243305.0,66.0,-2107.0,283808.0,15316.0,25107.0
2015-07-01,286300.0,293579.0,22855.0,19473.0,0.0,400.0,118.0,217719.0,217719.0,24056.0,193663.0,309657.0,23357.0,0.0,-3379.0,-1.0,170090.0,959.0,,27898.0,257330.0,-2700.0,-2832.0,295046.0,19535.0,22862.0
2015-08-01,285421.0,293263.0,24332.0,16740.0,0.0,666.0,120.0,218255.0,218255.0,26030.0,192225.0,309923.0,24502.0,0.0,536.0,0.0,169543.0,1316.0,,28151.0,256772.0,778.0,-547.0,294620.0,16897.0,25509.0
2015-09-01,276900.0,278659.0,23317.0,15687.0,0.0,992.0,97.0,225216.0,225216.0,29026.0,196190.0,296352.0,19452.0,0.0,6960.0,1.0,177523.0,2296.0,,27362.0,248259.0,-872.0,7980.0,279829.0,15722.0,24742.0
2015-10-01,277996.0,286585.0,19408.0,18884.0,0.0,111.0,93.0,217356.0,217356.0,27698.0,189658.0,307982.0,29986.0,0.0,-7861.0,1.0,170755.0,3446.0,,27758.0,247332.0,-953.0,-6768.0,288178.0,18904.0,20825.0
2015-11-01,287894.0,273349.0,13369.0,23621.0,0.0,1221.0,67.0,222937.0,222937.0,27754.0,195183.0,293965.0,6071.0,0.0,5581.0,0.0,174764.0,3244.0,,28375.0,259120.0,3232.0,4009.0,274605.0,23363.0,14470.0
2015-12-01,302372.0,283576.0,18123.0,24884.0,0.0,435.0,57.0,235465.0,235465.0,28595.0,206870.0,303976.0,1604.0,0.0,12527.0,1.0,186280.0,2753.0,,28469.0,273199.0,2862.0,11516.0,284667.0,24854.0,19478.0
2016-01-01,300139.0,268252.0,17778.0,23661.0,0.0,131.0,49.0,261648.0,261648.0,26513.0,235135.0,290730.0,-9409.0,0.0,26184.0,-1.0,212176.0,2046.0,,26518.0,273384.0,5302.0,22440.0,269298.0,23440.0,18532.0
2016-02-01,269136.0,267417.0,16038.0,24394.0,0.0,1171.0,37.0,256219.0,256219.0,26897.0,229322.0,285195.0,16059.0,0.0,-5429.0,0.0,209554.0,1533.0,,27249.0,243386.0,-1562.0,-2622.0,268491.0,24729.0,16868.0
2016-03-01,283434.0,290567.0,16717.0,23079.0,0.0,933.0,60.0,243716.0,243716.0,26262.0,217454.0,307885.0,24451.0,0.0,-12502.0,-1.0,201935.0,1786.0,,27200.0,255714.0,-4438.0,-7619.0,291944.0,22617.0,17804.0
2016-04-01,271988.0,275267.0,22463.0,18769.0,0.0,-714.0,61.0,243479.0,243479.0,24665.0,218814.0,296288.0,24300.0,0.0,-238.0,1.0,199015.0,1317.0,,26782.0,245058.0,5133.0,-2920.0,276356.0,19105.0,24517.0
2016-05-01,287853.0,291923.0,25716.0,22219.0,0.0,423.0,79.0,243409.0,243409.0,23375.0,220034.0,311797.0,23944.0,0.0,-71.0,1.0,199352.0,338.0,,28002.0,260798.0,599.0,337.0,293181.0,22056.0,27035.0
2016-06-01,280818.0,288238.0,27463.0,21512.0,0.0,622.0,101.0,242662.0,242662.0,24656.0,218006.0,308392.0,27574.0,0.0,-746.0,-1.0,197753.0,412.0,,27761.0,253742.0,3678.0,-1599.0,289424.0,20972.0,30560.0
2016-07-01,289474.0,296904.0,25776.0,20780.0,0.0,613.0,94.0,240932.0,240932.0,24445.0,216487.0,316945.0,27471.0,0.0,-1727.0,-3.0,198665.0,333.0,,28465.0,261833.0,-1884.0,912.0,298099.0,20498.0,26994.0
2016-08-01,286192.0,300300.0,23094.0,20315.0,0.0,701.0,109.0,230411.0,230411.0,25552.0,204859.0,319069.0,32877.0,0.0,-10519.0,-2.0,189214.0,655.0,,28746.0,257992.0,-3556.0,-9451.0,301645.0,23089.0,24334.0
2016-09-01,278149.0,284513.0,22705.0,19515.0,0.0,352.0,108.0,227697.0,227697.0,24803.0,202894.0,300611.0,22462.0,0.0,-2714.0,0.0,187458.0,2027.0,,27374.0,249903.0,438.0,-1756.0,285566.0,19388.0,24332.0
2016-10-01,282966.0,281894.0,21977.0,25363.0,0.0,105.0,105.0,225594.0,225594.0,25752.0,199842.0,311830.0,28864.0,0.0,-2104.0,1.0,185744.0,3202.0,,27897.0,252792.0,114.0,-1714.0,283226.0,25099.0,22834.0
2016-11-01,290194.0,276997.0,21772.0,27788.0,0.0,969.0,97.0,233842.0,233842.0,26134.0,207708.0,299063.0,8869.0,0.0,8247.0,1.0,193526.0,3141.0,,26669.0,261590.0,1206.0,7782.0,278208.0,27867.0,23663.0
2016-12-01,305203.0,287778.0,17546.0,32060.0,0.0,1747.0,90.0,238587.0,238587.0,28383.0,210204.0,310399.0,5196.0,0.0,4748.0,-3.0,194664.0,3220.0,,27350.0,275232.0,3103.0,1138.0,288794.0,31931.0,19164.0
2017-01-01,293846.0,263709.0,20071.0,28778.0,0.0,1001.0,89.0,261109.0,261109.0,28435.0,232674.0,287714.0,-6132.0,0.0,22520.0,2.0,216910.0,2945.0,,25435.0,265814.0,-281.0,22246.0,264824.0,29245.0,21840.0
2017-02-01,251310.0,252216.0,15310.0,22426.0,0.0,485.0,64.0,253635.0,253635.0,25410.0,228225.0,266194.0,14884.0,0.0,-7473.0,-1.0,213921.0,2240.0,,24090.0,224990.0,-4885.0,-2989.0,253214.0,22490.0,16510.0
2017-03-01,281465.0,289083.0,15523.0,22160.0,0.0,100.0,77.0,239558.0,239558.0,21530.0,218028.0,303866.0,22401.0,0.0,-14078.0,1.0,201699.0,2552.0,,27799.0,251245.0,-113.0,-12222.0,290264.0,20832.0,17165.0
2017-04-01,279439.0,278855.0,24063.0,21293.0,0.0,521.0,79.0,243511.0,243511.0,21650.0,221861.0,295655.0,16216.0,0.0,3954.0,-1.0,202801.0,2119.0,,27003.0,250392.0,1434.0,1102.0,280006.0,21933.0,24961.0
2017-05-01,292249.0,296044.0,23655.0,21628.0,0.0,641.0,99.0,242484.0,242484.0,22008.0,220476.0,313892.0,21643.0,0.0,-1028.0,1.0,199515.0,1522.0,,28550.0,262515.0,3416.0,-3286.0,297308.0,20630.0,25481.0
2017-06-01,288151.0,293168.0,22654.0,22949.0,0.0,1134.0,111.0,238417.0,238417.0,22480.0,215937.0,308100.0,19949.0,0.0,-4067.0,0.0,194673.0,1326.0,,28050.0,259119.0,-568.0,-4842.0,294554.0,23461.0,24110.0
2017-07-01,294600.0,297453.0,20973.0,24231.0,0.0,450.0,103.0,232859.0,232859.0,23153.0,209706.0,315089.0,20489.0,0.0,-5558.0,0.0,189653.0,1368.0,,28331.0,265379.0,-677.0,-5020.0,298842.0,24265.0,22332.0
2017-08-01,293089.0,302304.0,22076.0,20081.0,0.0,1030.0,120.0,226788.0,226788.0,24584.0,202204.0,315471.0,22382.0,0.0,-6070.0,-1.0,184327.0,1608.0,,28907.0,263443.0,-1261.0,-5326.0,303722.0,20124.0,23301.0
2017-09-01,274651.0,281327.0,24079.0,22278.0,0.0,1173.0,119.0,223204.0,223204.0,21764.0,201440.0,293343.0,18692.0,0.0,-3583.0,-1.0,181873.0,3504.0,,26809.0,246894.0,-432.0,-2454.0,282600.0,22665.0,25172.0
2017-10-01,291519.0,290071.0,15355.0,25126.0,0.0,880.0,136.0,215896.0,215896.0,23141.0,192755.0,313986.0,22467.0,0.0,-7307.0,-1.0,177080.0,3500.0,,28058.0,262196.0,-864.0,-4793.0,291311.0,24923.0,16823.0
2017-11-01,301701.0,273313.0,15234.0,36344.0,0.0,1596.0,150.0,224918.0,224918.0,23607.0,201311.0,306592.0,4891.0,0.0,9024.0,-2.0,183417.0,4007.0,,26763.0,273673.0,3977.0,6337.0,274542.0,36638.0,17051.0
2017-12-01,318330.0,286643.0,13319.0,34094.0,0.0,847.0,138.0,236816.0,236816.0,24523.0,212293.0,313221.0,-5109.0,0.0,11897.0,1.0,195389.0,3713.0,,27425.0,289713.0,828.0,11972.0,287976.0,34655.0,14580.0
2018-01-01,298499.0,272416.0,15582.0,32035.0,0.0,2294.0,147.0,248887.0,248887.0,24969.0,223918.0,295394.0,-3105.0,0.0,12071.0,0.0,205646.0,2712.0,,28351.0,272016.0,2098.0,10257.0,273482.0,35097.0,17855.0
2018-02-01,263811.0,246292.0,15037.0,27871.0,0.0,-454.0,129.0,253249.0,253249.0,24769.0,228480.0,274320.0,10509.0,0.0,4360.0,2.0,211092.0,2592.0,,24376.0,238782.0,1931.0,5446.0,247189.0,26889.0,15705.0
2018-03-01,288351.0,293402.0,21409.0,30102.0,0.0,27.0,137.0,239670.0,239670.0,22863.0,216807.0,311628.0,23277.0,0.0,-13580.0,1.0,203125.0,2967.0,,27865.0,259594.0,-4026.0,-7967.0,294611.0,31010.0,23202.0
2018-04-01,280499.0,276178.0,24804.0,28042.0,0.0,-753.0,145.0,240145.0,240145.0,22583.0,217562.0,299226.0,18727.0,0.0,475.0,0.0,197687.0,2151.0,,26832.0,253144.0,8162.0,-5438.0,277319.0,28732.0,26648.0
2018-05-01,290751.0,294973.0,28921.0,23565.0,0.0,1428.0,179.0,242887.0,242887.0,23776.0,219111.0,314288.0,23537.0,0.0,2741.0,1.0,199185.0,1426.0,,29981.0,261104.0,1867.0,1498.0,296178.0,22730.0,29762.0
2018-06-01,287270.0,293911.0,26041.0,22255.0,0.0,523.0,161.0,240716.0,240716.0,24550.0,216166.0,309409.0,22139.0,0.0,-2171.0,0.0,197634.0,1289.0,,28861.0,259088.0,437.0,-1551.0,295160.0,22398.0,27206.0
2018-07-01,292507.0,298854.0,25980.0,27361.0,0.0,1146.0,157.0,234293.0,234293.0,24229.0,210064.0,315397.0,22890.0,0.0,-6425.0,2.0,191719.0,1555.0,,29636.0,263723.0,341.0,-5915.0,300278.0,27833.0,27623.0
2018-08-01,298400.0,303124.0,27948.0,22782.0,0.0,1404.0,162.0,236302.0,236302.0,23227.0,213075.0,317521.0,19121.0,0.0,2008.0,1.0,192698.0,1901.0,,30266.0,268598.0,873.0,979.0,304497.0,23779.0,29363.0
2018-09-01,285332.0,274577.0,20786.0,27397.0,0.0,-628.0,152.0,239970.0,239970.0,24748.0,215222.0,297807.0,12475.0,0.0,3668.0,0.0,198246.0,3392.0,,28881.0,257836.0,1779.0,5548.0,275753.0,28983.0,21954.0
2018-10-01,296726.0,288109.0,17978.0,34465.0,0.0,401.0,171.0,232672.0,232672.0,24888.0,207784.0,319322.0,22596.0,0.0,-7298.0,0.0,191373.0,4262.0,,31117.0,267269.0,3630.0,-6873.0,289496.0,35436.0,19041.0
2018-11-01,299942.0,278712.0,9295.0,33729.0,0.0,627.0,143.0,230236.0,230236.0,24107.0,206129.0,307200.0,7258.0,0.0,-2434.0,-2.0,188121.0,4139.0,,29464.0,271665.0,3494.0,-3252.0,279796.0,35218.0,9988.0
2018-12-01,316705.0,284534.0,16403.0,33530.0,0.0,1123.0,99.0,246500.0,246500.0,25769.0,220731.0,310621.0,-6084.0,0.0,16266.0,-2.0,201938.0,3569.0,,30172.0,288363.0,8011.0,13817.0,285811.0,32346.0,17881.0
2019-01-01,298556.0,272130.0,18360.0,28783.0,0.0,-212.0,77.0,262366.0,262366.0,28705.0,233661.0,302157.0,3601.0,0.0,15868.0,-2.0,218462.0,3545.0,,27609.0,271037.0,1159.0,16524.0,273075.0,30862.0,19429.0
2019-02-01,253578.0,254011.0,16772.0,28940.0,0.0,2213.0,81.0,252058.0,252058.0,23864.0,228194.0,272837.0,19259.0,0.0,-10307.0,-1.0,209919.0,2977.0,,27441.0,228412.0,-657.0,-8543.0,254856.0,30741.0,17567.0
2019-03-01,277058.0,284706.0,23475.0,31392.0,0.0,-28.0,91.0,236555.0,236555.0,20865.0,215690.0,311867.0,34809.0,0.0,-15502.0,-1.0,197661.0,3358.0,,30664.0,248230.0,1185.0,-12258.0,285804.0,30738.0,23217.0
2019-04-01,269693.0,282317.0,28889.0,22035.0,0.0,-50.0,133.0,230869.0,230869.0,20866.0,210003.0,300587.0,30894.0,0.0,-5687.0,1.0,188162.0,3240.0,,29339.0,241212.0,5844.0,-9499.0,283360.0,22872.0,28786.0
2019-05-01,285163.0,294419.0,37831.0,25012.0,0.0,1242.0,158.0,235830.0,235830.0,22169.0,213661.0,317112.0,31949.0,0.0,4963.0,-2.0,192071.0,1656.0,,32539.0,255355.0,1525.0,3909.0,295615.0,25248.0,36747.0
2019-06-01,284206.0,291100.0,23043.0,23644.0,0.0,1450.0,129.0,229914.0,229914.0,21491.0,208423.0,307074.0,22868.0,0.0,-5916.0,0.0,187882.0,1480.0,,31177.0,255626.0,-100.0,-4189.0,292273.0,23963.0,23664.0
2019-07-01,293619.0,295520.0,31406.0,24571.0,0.0,441.0,146.0,235434.0,235434.0,21916.0,213518.0,317447.0,23828.0,0.0,5521.0,-1.0,190302.0,1748.0,,30985.0,263834.0,4458.0,2420.0,296844.0,24424.0,31579.0
2019-08-01,295268.0,304844.0,28080.0,23434.0,0.0,-277.0,135.0,230362.0,230362.0,23084.0,207278.0,323545.0,28277.0,0.0,-5072.0,0.0,184888.0,1983.0,,32244.0,264894.0,4088.0,-5414.0,306022.0,23303.0,28878.0
2019-09-01,278849.0,275925.0,22774.0,24255.0,0.0,109.0,129.0,232043.0,232043.0,23007.0,209036.0,297484.0,18635.0,0.0,1681.0,0.0,187170.0,4427.0,,29278.0,250544.0,3291.0,2282.0,277138.0,24539.0,23001.0
2019-10-01,287916.0,288554.0,22344.0,30441.0,0.0,1028.0,136.0,224473.0,224473.0,23330.0,201143.0,318018.0,30102.0,0.0,-7571.0,1.0,183007.0,6298.0,,31664.0,257082.0,4011.0,-4163.0,289696.0,28762.0,23262.0
2019-11-01,298573.0,276272.0,18928.0,33988.0,0.0,1879.0,97.0,233691.0,233691.0,24834.0,208857.0,306866.0,8293.0,0.0,9217.0,1.0,191113.0,5433.0,,30957.0,269738.0,7052.0,8106.0,277333.0,33601.0,19964.0
2019-12-01,311284.0,278109.0,18202.0,32580.0,0.0,1508.0,105.0,254100.0,254100.0,26129.0,227971.0,309743.0,-1541.0,0.0,20410.0,-1.0,208401.0,4842.0,,31123.0,282488.0,8116.0,17288.0,279097.0,33583.0,19631.0
2020-01-01,293372.0,270429.0,15471.0,28484.0,0.0,1596.0,87.0,265711.0,265711.0,28537.0,237174.0,298405.0,5033.0,0.0,11613.0,-2.0,218369.0,3952.0,,29164.0,265849.0,5584.0,9968.0,271734.0,28208.0,16529.0
2020-02-01,260515.0,262463.0,14826.0,25793.0,0.0,201.0,93.0,253091.0,253091.0,26397.0,226694.0,282530.0,22015.0,0.0,-12621.0,1.0,208892.0,3983.0,,27606.0,233775.0,-141.0,-9477.0,263558.0,27494.0,16070.0
2020-03-01,255762.0,241149.0,21582.0,26312.0,0.0,-1230.0,79.0,261823.0,261823.0,22585.0,239238.0,265851.0,10089.0,0.0,8732.0,0.0,222572.0,3093.0,,24861.0,231400.0,-820.0,13680.0,242762.0,26664.0,22932.0
2020-04-01,187455.0,175973.0,11330.0,25555.0,0.0,-644.0,27.0,258463.0,258463.0,22889.0,235574.0,190962.0,3507.0,0.0,-3360.0,0.0,218561.0,456.0,,17592.0,170154.0,2793.0,-4011.0,176875.0,24782.0,12237.0
2020-05-01,217601.0,223138.0,15092.0,10692.0,0.0,1588.0,40.0,258952.0,258952.0,24069.0,234883.0,231770.0,14169.0,0.0,491.0,-2.0,215385.0,888.0,,24626.0,195806.0,4244.0,-3176.0,224554.0,10801.0,15103.0
2020-06-01,235839.0,248746.0,21489.0,15358.0,0.0,2240.0,63.0,254479.0,254479.0,23495.0,230984.0,262439.0,26600.0,0.0,-4473.0,0.0,211587.0,1034.0,,28420.0,211237.0,382.0,-3798.0,250034.0,16779.0,22706.0
2020-07-01,257763.0,262269.0,19621.0,19942.0,0.0,636.0,73.0,250360.0,250360.0,24293.0,226067.0,279809.0,22046.0,0.0,-4118.0,-1.0,205001.0,1848.0,,29399.0,230772.0,5054.0,-6586.0,263604.0,20741.0,20794.0
2020-08-01,256302.0,264247.0,20467.0,25464.0,0.0,43.0,73.0,237534.0,237534.0,25151.0,212383.0,288669.0,32367.0,0.0,-12826.0,0.0,193064.0,1640.0,,28302.0,229266.0,1038.0,-11937.0,265637.0,26349.0,21879.0
2020-09-01,248595.0,256233.0,21492.0,24929.0,0.0,1039.0,80.0,227578.0,227578.0,22543.0,205035.0,272704.0,24109.0,0.0,-9956.0,0.0,187494.0,3490.0,,28241.0,222780.0,-130.0,-5570.0,257452.0,24820.0,22061.0
2020-10-01,266757.0,257808.0,18171.0,26210.0,0.0,-960.0,88.0,227616.0,227616.0,25205.0,202411.0,286823.0,20066.0,0.0,38.0,0.0,187170.0,4356.0,,27300.0,239878.0,3642.0,-324.0,259364.0,27893.0,19041.0
2020-11-01,261609.0,240041.0,16479.0,26409.0,0.0,1909.0,67.0,241230.0,241230.0,25039.0,216191.0,266496.0,4887.0,0.0,13614.0,0.0,200220.0,4353.0,,28079.0,236769.0,4685.0,13050.0,241377.0,27233.0,17144.0
2020-12-01,256076.0,243518.0,18194.0,30458.0,0.0,1798.0,73.0,243395.0,243395.0,25398.0,217997.0,273088.0,17012.0,0.0,2165.0,0.0,201415.0,3880.0,,28711.0,231044.0,6320.0,1195.0,244639.0,31143.0,19662.0
2021-01-01,260873.0,239423.0,16036.0,25263.0,0.0,-364.0,107.0,255361.0,255361.0,22952.0,232409.0,264202.0,3329.0,0.0,11966.0,0.0,214430.0,4102.0,,22904.0,235930.0,-267.0,13015.0,240615.0,26836.0,17263.0
2021-02-01,206232.0,219060.0,16730.0,18329.0,0.0,223.0,115.0,241273.0,241273.0,20906.0,220367.0,235072.0,28840.0,0.0,-14089.0,1.0,201225.0,3257.0,,21361.0,183545.0,-1805.0,-13205.0,219981.0,20787.0,17595.0
2021-03-01,257275.0,265148.0,28541.0,25366.0,0.0,1140.0,130.0,237846.0,237846.0,20273.0,217573.0,287861.0,30586.0,0.0,-3428.0,1.0,198182.0,4809.0,,27393.0,229061.0,1958.0,-3043.0,266566.0,25405.0,29623.0
2021-04-01,259056.0,265182.0,30810.0,23472.0,0.0,-586.0,151.0,238622.0,238622.0,21292.0,217330.0,289314.0,30258.0,0.0,777.0,-1.0,197735.0,3849.0,,26196.0,231770.0,3335.0,-447.0,266290.0,25101.0,32464.0
2021-05-01,277462.0,281504.0,34389.0,30406.0,0.0,1445.0,169.0,240176.0,240176.0,20651.0,219524.0,306093.0,28631.0,1.0,1555.0,-1.0,195060.0,2000.0,,28202.0,248906.0,4632.0,-2675.0,282732.0,29514.0,35095.0
2021-06-01,273567.0,280850.0,28861.0,25898.0,0.0,1247.0,183.0,237287.0,237287.0,18546.0,218739.0,298828.0,25261.0,2.0,-2890.0,1.0,190818.0,1604.0,,28273.0,245460.0,-1296.0,-4242.0,282202.0,28338.0,29665.0
2021-07-01,280748.0,288208.0,29046.0,29411.0,0.0,1122.0,180.0,230764.0,230764.0,17831.0,212933.0,307957.0,27209.0,0.0,-6523.0,0.0,188824.0,2162.0,,29069.0,251280.0,-3466.0,-1994.0,289386.0,28953.0,30368.0
2021-08-01,280882.0,284652.0,27681.0,29614.0,0.0,286.0,203.0,225551.0,225551.0,18183.0,207368.0,305837.0,24955.0,0.0,-5214.0,1.0,183134.0,1695.0,,28190.0,252006.0,-1301.0,-5690.0,286059.0,31625.0,28802.0
2021-09-01,267765.0,267974.0,26932.0,25579.0,0.0,172.0,183.0,227048.0,227048.0,18512.0,208535.0,290592.0,22827.0,1.0,1499.0,-2.0,186382.0,4582.0,,26519.0,239278.0,794.0,3248.0,269171.0,24905.0,27739.0
2021-10-01,278520.0,279834.0,17967.0,29415.0,0.0,2249.0,162.0,216696.0,216696.0,18292.0,198405.0,300629.0,22109.0,-1.0,-10351.0,-1.0,177524.0,6747.0,,29255.0,247675.0,-1066.0,-8858.0,281275.0,32017.0,19691.0
2021-11-01,285539.0,270633.0,18154.0,31184.0,0.0,1871.0,153.0,220598.0,220598.0,18173.0,202425.0,291944.0,6405.0,0.0,3900.0,2.0,180585.0,6574.0,,27643.0,255865.0,2911.0,3061.0,271762.0,32275.0,19927.0
2021-12-01,302482.0,275261.0,18751.0,35957.0,0.0,1456.0,112.0,232178.0,232178.0,17815.0,214363.0,299654.0,-2828.0,0.0,11583.0,-3.0,190255.0,6140.0,,27908.0,272279.0,6735.0,9670.0,276267.0,33591.0,19936.0
2022-01-01,280333.0,249918.0,13095.0,25311.0,0.0,1312.0,93.0,251781.0,251781.0,18089.0,233692.0,271504.0,-8829.0,0.0,19604.0,-1.0,209300.0,5552.0,,25074.0,252911.0,245.0,19045.0,251022.0,27967.0,14742.0
2022-02-01,247934.0,242204.0,16275.0,23644.0,0.0,16.0,104.0,250261.0,250261.0,18572.0,231689.0,262432.0,14498.0,0.0,-1519.0,-1.0,206285.0,4632.0,,23634.0,221079.0,2645.0,-3015.0,243371.0,24076.0,17732.0
2022-03-01,274369.0,279159.0,16434.0,24910.0,0.0,1332.0,174.0,238502.0,238502.0,17261.0,221242.0,295262.0,20893.0,-1.0,-11760.0,1.0,198119.0,5200.0,,27692.0,243570.0,-7637.0,-8166.0,280771.0,28822.0,17328.0
2022-04-01,261648.0,263962.0,20872.0,27146.0,0.0,-64.0,170.0,230020.0,230020.0,17830.0,212190.0,286405.0,24757.0,0.0,-8482.0,0.0,186985.0,3775.0,,26214.0,233182.0,2949.0,-11134.0,264963.0,28651.0,22258.0
2022-05-01,274271.0,282693.0,27204.0,29083.0,0.0,795.0,209.0,220723.0,220723.0,17283.0,203440.0,304588.0,30317.0,0.0,-9297.0,0.0,177977.0,3149.0,,27586.0,243523.0,-1638.0,-9008.0,283926.0,29025.0,28047.0
2022-06-01,276084.0,272254.0,25871.0,31217.0,0.0,1585.0,224.0,221017.0,221017.0,17136.0,203881.0,295029.0,18945.0,0.0,293.0,1.0,177966.0,3347.0,,28209.0,246020.0,2128.0,-11.0,273631.0,28692.0,26864.0
2022-07-01,281353.0,273158.0,21113.0,25776.0,0.0,360.0,226.0,225133.0,225133.0,16768.0,208365.0,296977.0,15624.0,0.0,4118.0,-2.0,181389.0,3744.0,,27292.0,250620.0,-181.0,3423.0,274313.0,26659.0,22558.0
2022-08-01,280195.0,282576.0,22487.0,31182.0,0.0,1297.0,238.0,215592.0,215592.0,17035.0,198557.0,306046.0,25851.0,0.0,-9541.0,0.0,171770.0,3406.0,,29072.0,248948.0,-2164.0,-9619.0,284111.0,32289.0,23191.0
2022-09-01,275230.0,265399.0,17329.0,33235.0,0.0,-223.0,224.0,209516.0,209516.0,17623.0,191893.0,292796.0,17566.0,0.0,-6074.0,-2.0,167243.0,5682.0,,25966.0,245790.0,267.0,-4527.0,266520.0,34079.0,18901.0
2022-10-01,284416.0,273011.0,15591.0,27804.0,0.0,1513.0,223.0,210445.0,210445.0,16510.0,193935.0,299269.0,14853.0,0.0,928.0,1.0,171699.0,6778.0,,28726.0,254844.0,1140.0,4456.0,274477.0,27365.0,17090.0
2022-11-01,288773.0,264805.0,17057.0,31839.0,0.0,1522.0,202.0,221354.0,221354.0,16545.0,204809.0,290463.0,1690.0,0.0,10910.0,-1.0,179383.0,6768.0,,27348.0,259889.0,6585.0,7684.0,266116.0,31778.0,18158.0
2022-12-01,281933.0,266473.0,19869.0,33178.0,0.0,724.0,180.0,224410.0,224410.0,17238.0,207172.0,291876.0,9943.0,0.0,3055.0,1.0,181617.0,6789.0,,26278.0,252019.0,3851.0,2234.0,267577.0,33298.0,21874.0
2023-01-01,281449.0,257021.0,18562.0,29587.0,0.0,1640.0,180.0,239632.0,239632.0,16319.0,223313.0,277481.0,-3968.0,0.0,15223.0,-1.0,197194.0,6724.0,,26529.0,252913.0,2714.0,15577.0,257657.0,30337.0,20119.0
2023-02-01,251158.0,243458.0,17581.0,22459.0,0.0,2.0,179.0,242636.0,242636.0,16764.0,225872.0,260865.0,9707.0,0.0,3003.0,1.0,199942.0,5947.0,,24020.0,224497.0,2984.0,2748.0,244938.0,22970.0,19176.0
2023-03-01,271563.0,281385.0,18387.0,27696.0,0.0,1485.0,213.0,225203.0,225203.0,14412.0,210792.0,297827.0,26264.0,-1.0,-17433.0,0.0,187343.0,6130.0,,28160.0,241012.0,-2766.0,-12599.0,280310.0,30283.0,19926.0
2023-04-01,264413.0,268323.0,26668.0,24596.0,0.0,97.0,180.0,223642.0,223642.0,15664.0,207979.0,290510.0,26097.0,-1.0,-1561.0,0.0,181730.0,4975.0,,26434.0,235108.0,4620.0,-5613.0,270847.0,23973.0,27310.0
2023-05-01,278396.0,281476.0,26672.0,25792.0,0.0,488.0,217.0,222146.0,222146.0,17009.0,205138.0,306182.0,27786.0,-1.0,-1495.0,-1.0,179234.0,3850.0,,28481.0,247250.0,923.0,-2496.0,283382.0,26522.0,28750.0
2023-06-01,274741.0,280972.0,28513.0,24096.0,0.0,1515.0,208.0,222056.0,222056.0,17520.0,204536.0,297893.0,23152.0,0.0,-91.0,1.0,179171.0,4175.0,,28468.0,244156.0,995.0,-63.0,279473.0,26311.0,29917.0
2023-07-01,283991.0,278348.0,23216.0,30623.0,0.0,371.0,214.0,220875.0,220875.0,15142.0,205733.0,304660.0,20669.0,0.0,-1179.0,-2.0,180323.0,3628.0,,27800.0,253653.0,-2325.0,1152.0,280563.0,30273.0,24582.0
2023-08-01,284275.0,286579.0,24974.0,25873.0,0.0,1260.0,221.0,219154.0,219154.0,16205.0,202949.0,307281.0,23006.0,0.0,-1722.0,1.0,176449.0,4371.0,,29395.0,252636.0,1584.0,-3874.0,289436.0,26204.0,26948.0
2023-09-01,275619.0,265293.0,22720.0,24810.0,0.0,296.0,202.0,227886.0,227886.0,15812.0,212073.0,290451.0,14832.0,1.0,8734.0,-2.0,183811.0,7406.0,,26953.0,246708.0,6326.0,7362.0,265863.0,25732.0,24216.0
2023-10-01,278511.0,282096.0,19984.0,27645.0,0.0,1875.0,214.0,218729.0,218729.0,16048.0,202681.0,301693.0,23182.0,0.0,-9157.0,0.0,178383.0,8199.0,,32066.0,244167.0,-141.0,-5428.0,283126.0,28065.0,21190.0
2023-11-01,283296.0,267296.0,16796.0,31607.0,0.0,1419.0,196.0,221534.0,221534.0,17292.0,204242.0,291227.0,7931.0,0.0,2804.0,1.0,183055.0,7915.0,,27445.0,253040.0,4540.0,4672.0,266320.0,31219.0,18351.0
2023-12-01,304317.0,272671.0,19972.0,34107.0,0.0,1476.0,197.0,240717.0,240717.0,18227.0,222489.0,294749.0,-9568.0,1.0,19184.0,-1.0,199405.0,7482.0,,27284.0,274447.0,5054.0,16350.0,275003.0,34422.0,21616.0
2024-01-01,281134.0,257001.0,16647.0,30109.0,0.0,515.0,193.0,252096.0,252096.0,16449.0,235647.0,278291.0,-2843.0,0.0,11379.0,0.0,209278.0,6949.0,,25153.0,252347.0,3018.0,9873.0,256274.0,31825.0,16541.0
2024-02-01,245227.0,251116.0,15860.0,23081.0,0.0,1522.0,178.0,240686.0,240686.0,17034.0,223651.0,269379.0,24152.0,1.0,-11410.0,0.0,199062.0,6977.0,,25532.0,215293.0,203.0,-10216.0,250501.0,24624.0,17310.0
2024-03-01,276891.0,277049.0,17899.0,26077.0,0.0,990.0,192.0,233532.0,233532.0,14529.0,219002.0,293284.0,16393.0,1.0,-7154.0,0.0,196182.0,7073.0,,27516.0,245638.0,-1602.0,-2880.0,276488.0,27131.0,18910.0
2024-04-01,266520.0,266077.0,23647.0,23168.0,0.0,-970.0,222.0,233704.0,233704.0,15730.0,217974.0,290869.0,24349.0,0.0,174.0,-2.0,191220.0,5402.0,,25279.0,236498.0,6843.0,-4962.0,266009.0,24595.0,25306.0
2024-05-01,285221.0,291119.0,27082.0,25171.0,0.0,1703.0,235.0,231654.0,231654.0,16664.0,214989.0,306644.0,21423.0,1.0,-2049.0,-1.0,191492.0,4639.0,,30148.0,253380.0,-2662.0,272.0,292314.0,26103.0,27860.0
2024-06-01,275905.0,275982.0,26144.0,26056.0,0.0,657.0,196.0,232518.0,232518.0,16259.0,216259.0,295226.0,19321.0,0.0,864.0,0.0,187863.0,4152.0,,27030.0,245515.0,7000.0,-3629.0,274785.0,26477.0,27936.0
2024-07-01,278734.0,288848.0,24750.0,24710.0,0.0,1727.0,209.0,224380.0,224380.0,18025.0,206355.0,303211.0,24477.0,0.0,-8138.0,0.0,179867.0,4090.0,,29094.0,247784.0,-376.0,-7996.0,289398.0,25516.0,25574.0
2024-08-01,286392.0,286972.0,22100.0,26055.0,0.0,632.0,222.0,220700.0,220700.0,15171.0,205528.0,305686.0,19294.0,1.0,-3681.0,1.0,179478.0,4814.0,,28989.0,254402.0,-2502.0,-389.0,288136.0,26286.0,23326.0
2024-09-01,271109.0,269500.0,18857.0,22428.0,0.0,828.0,207.0,219773.0,219773.0,14953.0,204820.0,286042.0,14933.0,0.0,-927.0,0.0,179606.0,7125.0,,27284.0,241268.0,1410.0,128.0,270917.0,23380.0,20158.0
2024-10-01,285202.0,281166.0,13801.0,26620.0,0.0,1379.0,205.0,212574.0,212574.0,14441.0,198133.0,305925.0,20723.0,0.0,-7199.0,0.0,173055.0,8784.0,,29947.0,252481.0,4233.0,-6551.0,282230.0,26470.0,15170.0
2024-11-01,286865.0,264970.0,16277.0,31247.0,0.0,1345.0,185.0,221030.0,221030.0,14487.0,206542.0,288226.0,1361.0,1.0,8455.0,1.0,181273.0,7982.0,,27477.0,256164.0,3263.0,8218.0,265304.0,31265.0,16427.0
2024-12-01,302213.0,271951.0,21035.0,34997.0,0.0,713.0,174.0,238217.0,238217.0,15812.0,222405.0,298040.0,-4173.0,0.0,17187.0,0.0,195365.0,6843.0,,27659.0,271554.0,5852.0,14092.0,273554.0,34530.0,21972.0
2025-01-01,283667.0,261692.0,15082.0,25769.0,0.0,1453.0,171.0,251128.0,251128.0,16630.0,234498.0,278815.0,-4852.0,0.0,12912.0,-1.0,207373.0,5206.0,,26713.0,255807.0,1789.0,12008.0,263954.0,26371.0,16396.0
2025-02-01,244497.0,242941.0,13097.0,23615.0,0.0,1403.0,159.0,243728.0,243728.0,14900.0,228827.0,256204.0,11707.0,1.0,-7400.0,0.0,202118.0,3976.0,,24843.0,219347.0,-267.0,-5255.0,244111.0,24578.0,15001.0
2025-03-01,268077.0,271492.0,21749.0,28514.0,0.0,493.0,173.0,234213.0,234213.0,14077.0,220135.0,289812.0,21735.0,1.0,-9514.0,-1.0,195363.0,4229.0,,27280.0,239528.0,-326.0,-6755.0,272740.0,29159.0,23781.0
2025-04-01,261311.0,267628.0,21971.0,23265.0,0.0,1493.0,189.0,228284.0,228284.0,16040.0,212243.0,284326.0,23015.0,1.0,-5929.0,0.0,186034.0,5979.0,,27859.0,231144.0,5604.0,-9329.0,268311.0,23556.0,23160.0
2025-05-01,282016.0,281066.0,24472.0,24929.0,0.0,-89.0,195.0,228885.0,228885.0,14027.0,214857.0,301240.0,19224.0,1.0,599.0,2.0,185725.0,4586.0,,27635.0,250443.0,1813.0,-309.0,281909.0,25650.0,26399.0
2025-06-01,278221.0,281833.0,28402.0,22748.0,0.0,1950.0,204.0,233080.0,233080.0,16339.0,216740.0,290558.0,12337.0,1.0,4196.0,-1.0,189249.0,4259.0,,28549.0,248068.0,775.0,3524.0,278941.0,27230.0,29594.0
2025-07-01,285689.0,284474.0,19718.0,25653.0,0.0,1056.0,209.0,229625.0,229625.0,15481.0,214144.0,299971.0,14282.0,0.0,-3455.0,0.0,186148.0,4565.0,,28992.0,254168.0,-596.0,-3101.0,284938.0,27459.0,20975.0
2025-08-01,281834.0,286450.0,21578.0,24482.0,0.0,638.0,199.0,222943.0,222943.0,15474.0,207469.0,298745.0,16911.0,0.0,-6683.0,1.0,180371.0,4820.0,,29388.0,250005.0,-994.0,-5777.0,286743.0,27459.0,23218.0
2025-09-01,276913.0,270364.0,17604.0,25167.0,0.0,990.0,172.0,223093.0,223093.0,15742.0,207351.0,284268.0,7355.0,0.0,148.0,2.0,183941.0,7404.0,,26378.0,246246.0,-108.0,3570.0,269749.0,25764.0,18947.0
2025-10-01,272271.0,277214.0,16391.0,27248.0,0.0,1964.0,193.0,209448.0,209448.0,14809.0,194639.0,297928.0,25657.0,0.0,-13643.0,-2.0,170531.0,8533.0,,30103.0,239967.0,2615.0,-13410.0,280716.0,25997.0,17315.0
2025-11-01,287943.0,261426.0,17498.0,34911.0,0.0,720.0,147.0,219418.0,219418.0,13811.0,205606.0,281404.0,-6539.0,1.0,9971.0,-1.0,178937.0,8566.0,,31459.0,256601.0,13914.0,8406.0,261617.0,30077.0,17388.0
2025-12-01,308289.0,274602.0,19924.0,31906.0,0.0,2604.0,126.0,243854.0,243854.0,15401.0,228453.0,290490.0,-17799.0,0.0,24435.0,1.0,200492.0,7385.0,,29129.0,277164.0,5510.0,21555.0,273251.0,34688.0,21326.0
2026-01-01,289386.0,255994.0,13384.0,30443.0,0.0,797.0,113.0,261035.0,261035.0,17366.0,243669.0,272886.0,-16500.0,0.0,17243.0,-62.0,211418.0,,,,276873.0,1176.0,10926.0,242478.0,34901.0,12608.0
2026-02-01,247037.0,240413.0,13442.0,27656.0,0.0,362.0,116.0,253923.0,253923.0,14798.0,239125.0,256983.0,9946.0,0.0,-7112.0,0.0,,,,,,,,,,
2026-03-01,275788.0,274448.0,13894.0,28359.0,0.0,2051.0,146.0,242995.0,242995.0,15034.0,227961.0,289632.0,13844.0,0.0,-10928.0,0.0,,,,,,,,,,
2026-04-01,258162.0,273679.0,17358.0,24087.0,0.0,776.0,177.0,221699.0,221699.0,16023.0,205676.0,284284.0,26122.0,0.0,-21293.0,-3.0,,,,,,,,,,
2026-05-01,273782.0,269138.0,20046.0,28600.0,0.0,2399.0,201.0,220389.0,220389.0,15249.0,205140.0,289712.0,15930.0,0.0,-1310.0,0.0,,,,,,,,,,
2026-06-01,272873.0,267513.0,19935.0,28452.0,0.0,2011.0,198.0,219441.0,219441.0,18683.0,200758.0,291097.0,18224.0,0.0,-948.0,0.0,,,,,,,,,,
