month,origin_month,horizon,model,actual_kb,predicted_kb
2016-07-01,2016-06-01,1,constrained_level,240932.0,238120.49626783904
2016-07-01,2016-06-01,1,forecast_flow_identity,240932.0,242767.858226601
2016-07-01,2016-06-01,1,huber_change,240932.0,235057.21438656474
2016-07-01,2016-06-01,1,neural_network_change,240932.0,237301.67893932248
2016-07-01,2016-06-01,1,persistence,240932.0,242662.0
2016-07-01,2016-06-01,1,polynomial_ridge_change,240932.0,238468.07602214307
2016-07-01,2016-06-01,1,random_forest_change,240932.0,239820.02215399468
2016-07-01,2016-06-01,1,ridge_change,240932.0,239911.0672390316
2016-07-01,2016-06-01,1,seasonal_change,240932.0,241687.8
2016-07-01,2016-06-01,1,seasonal_naive,240932.0,217719.0
2016-07-01,2016-06-01,1,seasonal_residual_change,240932.0,239030.64976469564
2016-07-01,2016-06-01,1,seasonal_ridge_change,240932.0,238468.07602214307
2016-07-01,2016-06-01,1,spline_ridge_change,240932.0,240106.78521601955
2016-07-01,2016-06-01,1,xgboost_change,240932.0,239656.8720703125
2016-08-01,2016-06-01,2,constrained_level,230411.0,237653.9978294247
2016-08-01,2016-06-01,2,forecast_flow_identity,230411.0,239169.63877463056
2016-08-01,2016-06-01,2,huber_change,230411.0,230814.915130938
2016-08-01,2016-06-01,2,neural_network_change,230411.0,234516.55780105214
2016-08-01,2016-06-01,2,persistence,230411.0,242662.0
2016-08-01,2016-06-01,2,polynomial_ridge_change,230411.0,237005.33719044752
2016-08-01,2016-06-01,2,random_forest_change,230411.0,237806.73387526363
2016-08-01,2016-06-01,2,ridge_change,230411.0,239434.56720524546
2016-08-01,2016-06-01,2,seasonal_change,230411.0,237010.0
2016-08-01,2016-06-01,2,seasonal_naive,230411.0,218255.0
2016-08-01,2016-06-01,2,seasonal_residual_change,230411.0,233779.2157141476
2016-08-01,2016-06-01,2,seasonal_ridge_change,230411.0,237005.3371904475
2016-08-01,2016-06-01,2,spline_ridge_change,230411.0,238017.41515971214
2016-08-01,2016-06-01,2,xgboost_change,230411.0,237449.6171875
2016-09-01,2016-06-01,3,constrained_level,227697.0,236442.94043514234
2016-09-01,2016-06-01,3,forecast_flow_identity,227697.0,243041.0134985301
2016-09-01,2016-06-01,3,huber_change,227697.0,229608.24701851277
2016-09-01,2016-06-01,3,neural_network_change,227697.0,233813.17094233225
2016-09-01,2016-06-01,3,persistence,227697.0,242662.0
2016-09-01,2016-06-01,3,polynomial_ridge_change,227697.0,237310.7653412677
2016-09-01,2016-06-01,3,random_forest_change,227697.0,237018.53513439905
2016-09-01,2016-06-01,3,ridge_change,227697.0,239381.90678365497
2016-09-01,2016-06-01,3,seasonal_change,227697.0,239837.0
2016-09-01,2016-06-01,3,seasonal_naive,227697.0,225216.0
2016-09-01,2016-06-01,3,seasonal_residual_change,227697.0,234263.54074946462
2016-09-01,2016-06-01,3,seasonal_ridge_change,227697.0,237310.7653412677
2016-09-01,2016-06-01,3,spline_ridge_change,227697.0,236647.42221104752
2016-09-01,2016-06-01,3,xgboost_change,227697.0,237830.3388671875
2016-10-01,2016-06-01,4,constrained_level,225594.0,235767.24642644386
2016-10-01,2016-06-01,4,forecast_flow_identity,225594.0,238405.67172513113
2016-10-01,2016-06-01,4,huber_change,225594.0,226790.3142523244
2016-10-01,2016-06-01,4,neural_network_change,225594.0,230560.23220739613
2016-10-01,2016-06-01,4,persistence,225594.0,242662.0
2016-10-01,2016-06-01,4,polynomial_ridge_change,225594.0,236086.68399457022
2016-10-01,2016-06-01,4,random_forest_change,225594.0,233293.0671352777
2016-10-01,2016-06-01,4,ridge_change,225594.0,236748.1680022215
2016-10-01,2016-06-01,4,seasonal_change,225594.0,234123.4
2016-10-01,2016-06-01,4,seasonal_naive,225594.0,217356.0
2016-10-01,2016-06-01,4,seasonal_residual_change,225594.0,228158.94426405375
2016-10-01,2016-06-01,4,seasonal_ridge_change,225594.0,236086.68399457022
2016-10-01,2016-06-01,4,spline_ridge_change,225594.0,233319.14594789234
2016-10-01,2016-06-01,4,xgboost_change,225594.0,233879.5634765625
2016-11-01,2016-06-01,5,constrained_level,233842.0,234832.54355939402
2016-11-01,2016-06-01,5,forecast_flow_identity,233842.0,249389.7151702289
2016-11-01,2016-06-01,5,huber_change,233842.0,231073.3475218403
2016-11-01,2016-06-01,5,neural_network_change,233842.0,234684.41749200012
2016-11-01,2016-06-01,5,persistence,233842.0,242662.0
2016-11-01,2016-06-01,5,polynomial_ridge_change,233842.0,239452.94584003516
2016-11-01,2016-06-01,5,random_forest_change,233842.0,241659.1404619955
2016-11-01,2016-06-01,5,ridge_change,233842.0,237670.2264783939
2016-11-01,2016-06-01,5,seasonal_change,233842.0,244063.0
2016-11-01,2016-06-01,5,seasonal_naive,233842.0,222937.0
2016-11-01,2016-06-01,5,seasonal_residual_change,233842.0,235497.32858903537
2016-11-01,2016-06-01,5,seasonal_ridge_change,233842.0,239452.94584003516
2016-11-01,2016-06-01,5,spline_ridge_change,233842.0,238210.09513085044
2016-11-01,2016-06-01,5,xgboost_change,233842.0,241859.09375
2016-12-01,2016-06-01,6,constrained_level,238587.0,239432.28064633187
2016-12-01,2016-06-01,6,forecast_flow_identity,238587.0,263227.5132121009
2016-12-01,2016-06-01,6,huber_change,238587.0,237003.7799899685
2016-12-01,2016-06-01,6,neural_network_change,238587.0,240179.23097333944
2016-12-01,2016-06-01,6,persistence,238587.0,242662.0
2016-12-01,2016-06-01,6,polynomial_ridge_change,238587.0,244182.2906184626
2016-12-01,2016-06-01,6,random_forest_change,238587.0,251920.07478040113
2016-12-01,2016-06-01,6,ridge_change,238587.0,241056.77817290582
2016-12-01,2016-06-01,6,seasonal_change,238587.0,256780.4
2016-12-01,2016-06-01,6,seasonal_naive,238587.0,235465.0
2016-12-01,2016-06-01,6,seasonal_residual_change,238587.0,246076.00511227534
2016-12-01,2016-06-01,6,seasonal_ridge_change,238587.0,244182.2906184626
2016-12-01,2016-06-01,6,spline_ridge_change,238587.0,246057.72638745
2016-12-01,2016-06-01,6,xgboost_change,238587.0,250160.1337890625
2017-01-01,2016-06-01,7,constrained_level,261109.0,245244.8760348614
2017-01-01,2016-06-01,7,forecast_flow_identity,261109.0,274860.5112539728
2017-01-01,2016-06-01,7,huber_change,261109.0,245394.6709506548
2017-01-01,2016-06-01,7,neural_network_change,261109.0,249268.52949247495
2017-01-01,2016-06-01,7,persistence,261109.0,242662.0
2017-01-01,2016-06-01,7,polynomial_ridge_change,261109.0,251671.11805066673
2017-01-01,2016-06-01,7,random_forest_change,261109.0,261452.7259586389
2017-01-01,2016-06-01,7,ridge_change,261109.0,249168.08585325535
2017-01-01,2016-06-01,7,seasonal_change,261109.0,267112.0
2017-01-01,2016-06-01,7,seasonal_naive,261109.0,261648.0
2017-01-01,2016-06-01,7,seasonal_residual_change,261109.0,254145.9916686097
2017-01-01,2016-06-01,7,seasonal_ridge_change,261109.0,251671.1180506667
2017-01-01,2016-06-01,7,spline_ridge_change,261109.0,257389.11171736394
2017-01-01,2016-06-01,7,xgboost_change,261109.0,257504.046875
2017-02-01,2016-06-01,8,constrained_level,253635.0,245729.10238998246
2017-02-01,2016-06-01,8,forecast_flow_identity,253635.0,271059.3817878995
2017-02-01,2016-06-01,8,huber_change,253635.0,247449.71376244433
2017-02-01,2016-06-01,8,neural_network_change,253635.0,250436.25561270886
2017-02-01,2016-06-01,8,persistence,253635.0,242662.0
2017-02-01,2016-06-01,8,polynomial_ridge_change,253635.0,253009.0445845423
2017-02-01,2016-06-01,8,random_forest_change,253635.0,255695.16387899857
2017-02-01,2016-06-01,8,ridge_change,253635.0,251693.8068759333
2017-02-01,2016-06-01,8,seasonal_change,253635.0,262090.8
2017-02-01,2016-06-01,8,seasonal_naive,253635.0,256219.0
2017-02-01,2016-06-01,8,seasonal_residual_change,253635.0,250554.65190311093
2017-02-01,2016-06-01,8,seasonal_ridge_change,253635.0,253009.0445845423
2017-02-01,2016-06-01,8,spline_ridge_change,253635.0,260539.85174349055
2017-02-01,2016-06-01,8,xgboost_change,253635.0,253683.67919921875
2017-03-01,2016-06-01,9,constrained_level,239558.0,236648.83282739585
2017-03-01,2016-06-01,9,forecast_flow_identity,239558.0,263559.4400145004
2017-03-01,2016-06-01,9,huber_change,239558.0,240312.80664258962
2017-03-01,2016-06-01,9,neural_network_change,239558.0,241699.28638656216
2017-03-01,2016-06-01,9,persistence,239558.0,242662.0
2017-03-01,2016-06-01,9,polynomial_ridge_change,239558.0,246753.50776488037
2017-03-01,2016-06-01,9,random_forest_change,239558.0,247791.11294117826
2017-03-01,2016-06-01,9,ridge_change,239558.0,247070.78868597257
2017-03-01,2016-06-01,9,seasonal_change,239558.0,253511.0
2017-03-01,2016-06-01,9,seasonal_naive,239558.0,243716.0
2017-03-01,2016-06-01,9,seasonal_residual_change,239558.0,241833.65262072813
2017-03-01,2016-06-01,9,seasonal_ridge_change,239558.0,246753.50776488037
2017-03-01,2016-06-01,9,spline_ridge_change,239558.0,252688.32099111393
2017-03-01,2016-06-01,9,xgboost_change,239558.0,245782.921875
2017-04-01,2016-06-01,10,constrained_level,243511.0,234332.29972993582
2017-04-01,2016-06-01,10,forecast_flow_identity,243511.0,260329.48345959815
2017-04-01,2016-06-01,10,huber_change,243511.0,238612.24248211336
2017-04-01,2016-06-01,10,neural_network_change,243511.0,239835.05521330575
2017-04-01,2016-06-01,10,persistence,243511.0,242662.0
2017-04-01,2016-06-01,10,polynomial_ridge_change,243511.0,244622.47126670496
2017-04-01,2016-06-01,10,random_forest_change,243511.0,245616.397094146
2017-04-01,2016-06-01,10,ridge_change,243511.0,245741.61727650836
2017-04-01,2016-06-01,10,seasonal_change,243511.0,249236.6
2017-04-01,2016-06-01,10,seasonal_naive,243511.0,243479.0
2017-04-01,2016-06-01,10,seasonal_residual_change,243511.0,238192.55052318616
2017-04-01,2016-06-01,10,seasonal_ridge_change,243511.0,244622.47126670496
2017-04-01,2016-06-01,10,spline_ridge_change,243511.0,251038.14627665223
2017-04-01,2016-06-01,10,xgboost_change,243511.0,243893.52734375
2017-05-01,2016-06-01,11,constrained_level,242484.0,232091.83222566269
2017-05-01,2016-06-01,11,forecast_flow_identity,242484.0,259459.14168619917
2017-05-01,2016-06-01,11,huber_change,242484.0,234838.39457334165
2017-05-01,2016-06-01,11,neural_network_change,242484.0,235508.0835231447
2017-05-01,2016-06-01,11,persistence,242484.0,242662.0
2017-05-01,2016-06-01,11,polynomial_ridge_change,242484.0,240619.76283376824
2017-05-01,2016-06-01,11,random_forest_change,242484.0,243147.19929287283
2017-05-01,2016-06-01,11,ridge_change,242484.0,243793.15610315438
2017-05-01,2016-06-01,11,seasonal_change,242484.0,247288.0
2017-05-01,2016-06-01,11,seasonal_naive,242484.0,243409.0
2017-05-01,2016-06-01,11,seasonal_residual_change,242484.0,235070.01199253107
2017-05-01,2016-06-01,11,seasonal_ridge_change,242484.0,240619.76283376824
2017-05-01,2016-06-01,11,spline_ridge_change,242484.0,249796.23616288064
2017-05-01,2016-06-01,11,xgboost_change,242484.0,242933.0859375
2017-06-01,2016-06-01,12,constrained_level,238417.0,233198.75013859867
2017-06-01,2016-06-01,12,forecast_flow_identity,238417.0,261408.9851312969
2017-06-01,2016-06-01,12,huber_change,238417.0,233007.98117541542
2017-06-01,2016-06-01,12,neural_network_change,238417.0,234838.6994652886
2017-06-01,2016-06-01,12,persistence,238417.0,242662.0
2017-06-01,2016-06-01,12,polynomial_ridge_change,238417.0,239216.13314003617
2017-06-01,2016-06-01,12,random_forest_change,238417.0,242896.0321650701
2017-06-01,2016-06-01,12,ridge_change,238417.0,243890.8751942765
2017-06-01,2016-06-01,12,seasonal_change,238417.0,248192.4
2017-06-01,2016-06-01,12,seasonal_naive,238417.0,242662.0
2017-06-01,2016-06-01,12,seasonal_residual_change,238417.0,235398.47164032934
2017-06-01,2016-06-01,12,seasonal_ridge_change,238417.0,239216.13314003617
2017-06-01,2016-06-01,12,spline_ridge_change,238417.0,253142.21356229944
2017-06-01,2016-06-01,12,xgboost_change,238417.0,244126.775390625
2017-07-01,2017-06-01,1,constrained_level,232859.0,236639.384885314
2017-07-01,2017-06-01,1,forecast_flow_identity,232859.0,236678.87632183914
2017-07-01,2017-06-01,1,huber_change,232859.0,234356.00502727585
2017-07-01,2017-06-01,1,neural_network_change,232859.0,235902.13334184914
2017-07-01,2017-06-01,1,persistence,232859.0,238417.0
2017-07-01,2017-06-01,1,polynomial_ridge_change,232859.0,236402.9499172279
2017-07-01,2017-06-01,1,random_forest_change,232859.0,236270.88034018138
2017-07-01,2017-06-01,1,ridge_change,232859.0,239083.03186999273
2017-07-01,2017-06-01,1,seasonal_change,232859.0,237054.6
2017-07-01,2017-06-01,1,seasonal_naive,232859.0,240932.0
2017-07-01,2017-06-01,1,seasonal_residual_change,232859.0,234957.64672781783
2017-07-01,2017-06-01,1,seasonal_ridge_change,232859.0,236374.87068654678
2017-07-01,2017-06-01,1,spline_ridge_change,232859.0,236750.8462648668
2017-07-01,2017-06-01,1,xgboost_change,232859.0,237376.83154296875
2017-08-01,2017-06-01,2,constrained_level,226788.0,237300.25573809954
2017-08-01,2017-06-01,2,forecast_flow_identity,226788.0,230488.55264367827
2017-08-01,2017-06-01,2,huber_change,226788.0,233404.6500988381
2017-08-01,2017-06-01,2,neural_network_change,226788.0,234792.63529368158
2017-08-01,2017-06-01,2,persistence,226788.0,238417.0
2017-08-01,2017-06-01,2,polynomial_ridge_change,226788.0,234465.0777887523
2017-08-01,2017-06-01,2,random_forest_change,226788.0,234465.746143159
2017-08-01,2017-06-01,2,ridge_change,226788.0,240132.03692402062
2017-08-01,2017-06-01,2,seasonal_change,226788.0,231240.8
2017-08-01,2017-06-01,2,seasonal_naive,226788.0,230411.0
2017-08-01,2017-06-01,2,seasonal_residual_change,226788.0,230399.41581670148
2017-08-01,2017-06-01,2,seasonal_ridge_change,226788.0,236594.22697134106
2017-08-01,2017-06-01,2,spline_ridge_change,226788.0,234350.20738798293
2017-08-01,2017-06-01,2,xgboost_change,226788.0,234365.15478515625
2017-09-01,2017-06-01,3,constrained_level,223204.0,236718.55278028385
2017-09-01,2017-06-01,3,forecast_flow_identity,223204.0,231513.7942454581
2017-09-01,2017-06-01,3,huber_change,223204.0,234883.3372421229
2017-09-01,2017-06-01,3,neural_network_change,223204.0,236152.52540306724
2017-09-01,2017-06-01,3,persistence,223204.0,238417.0
2017-09-01,2017-06-01,3,polynomial_ridge_change,223204.0,234158.33607074912
2017-09-01,2017-06-01,3,random_forest_change,223204.0,232352.48823693424
2017-09-01,2017-06-01,3,ridge_change,223204.0,240590.0701314457
2017-09-01,2017-06-01,3,seasonal_change,223204.0,232631.2
2017-09-01,2017-06-01,3,seasonal_naive,223204.0,227697.0
2017-09-01,2017-06-01,3,seasonal_residual_change,223204.0,232456.5280828277
2017-09-01,2017-06-01,3,seasonal_ridge_change,223204.0,238235.94714005393
2017-09-01,2017-06-01,3,spline_ridge_change,223204.0,232502.1300586786
2017-09-01,2017-06-01,3,xgboost_change,223204.0,232483.17138671875
2017-10-01,2017-06-01,4,constrained_level,215896.0,236398.6933816494
2017-10-01,2017-06-01,4,forecast_flow_identity,215896.0,226647.87056729727
2017-10-01,2017-06-01,4,huber_change,215896.0,232791.3917568357
2017-10-01,2017-06-01,4,neural_network_change,215896.0,234086.48780808493
2017-10-01,2017-06-01,4,persistence,215896.0,238417.0
2017-10-01,2017-06-01,4,polynomial_ridge_change,215896.0,233257.78868976742
2017-10-01,2017-06-01,4,random_forest_change,215896.0,229205.99351082073
2017-10-01,2017-06-01,4,ridge_change,215896.0,238543.05172902116
2017-10-01,2017-06-01,4,seasonal_change,215896.0,228143.6
2017-10-01,2017-06-01,4,seasonal_naive,215896.0,225594.0
2017-10-01,2017-06-01,4,seasonal_residual_change,215896.0,227716.51778091348
2017-10-01,2017-06-01,4,seasonal_ridge_change,215896.0,237659.23721654667
2017-10-01,2017-06-01,4,spline_ridge_change,215896.0,230844.88263181932
2017-10-01,2017-06-01,4,xgboost_change,215896.0,227039.55517578125
2017-11-01,2017-06-01,5,constrained_level,224918.0,236521.59914198518
2017-11-01,2017-06-01,5,forecast_flow_identity,224918.0,235252.91216907708
2017-11-01,2017-06-01,5,huber_change,224918.0,237216.97995567042
2017-11-01,2017-06-01,5,neural_network_change,224918.0,239529.4355454439
2017-11-01,2017-06-01,5,persistence,224918.0,238417.0
2017-11-01,2017-06-01,5,polynomial_ridge_change,224918.0,238830.97753075286
2017-11-01,2017-06-01,5,random_forest_change,224918.0,239097.33208173563
2017-11-01,2017-06-01,5,ridge_change,224918.0,239753.10760945882
2017-11-01,2017-06-01,5,seasonal_change,224918.0,237113.8
2017-11-01,2017-06-01,5,seasonal_naive,224918.0,233842.0
2017-11-01,2017-06-01,5,seasonal_residual_change,224918.0,235194.20681722226
2017-11-01,2017-06-01,5,seasonal_ridge_change,224918.0,241663.8768292352
2017-11-01,2017-06-01,5,spline_ridge_change,224918.0,236680.66767386193
2017-11-01,2017-06-01,5,xgboost_change,224918.0,233618.1279296875
2017-12-01,2017-06-01,6,constrained_level,236816.0,241827.6658997733
2017-12-01,2017-06-01,6,forecast_flow_identity,236816.0,247854.98849091626
2017-12-01,2017-06-01,6,huber_change,236816.0,243003.5413316154
2017-12-01,2017-06-01,6,neural_network_change,236816.0,246298.5935138777
2017-12-01,2017-06-01,6,persistence,236816.0,238417.0
2017-12-01,2017-06-01,6,polynomial_ridge_change,236816.0,246253.3682915442
2017-12-01,2017-06-01,6,random_forest_change,236816.0,250198.88019531785
2017-12-01,2017-06-01,6,ridge_change,236816.0,242857.1228206324
2017-12-01,2017-06-01,6,seasonal_change,236816.0,250093.0
2017-12-01,2017-06-01,6,seasonal_naive,236816.0,238587.0
2017-12-01,2017-06-01,6,seasonal_residual_change,236816.0,246331.72559845983
2017-12-01,2017-06-01,6,seasonal_ridge_change,236816.0,246219.6600360102
2017-12-01,2017-06-01,6,spline_ridge_change,236816.0,245627.8948463755
2017-12-01,2017-06-01,6,xgboost_change,236816.0,241743.12646484375
2018-01-01,2017-06-01,7,constrained_level,248887.0,248798.0682305899
2018-01-01,2017-06-01,7,forecast_flow_identity,248887.0,260215.0648127554
2018-01-01,2017-06-01,7,huber_change,248887.0,252139.0745029041
2018-01-01,2017-06-01,7,neural_network_change,248887.0,256907.90659022992
2018-01-01,2017-06-01,7,persistence,248887.0,238417.0
2018-01-01,2017-06-01,7,polynomial_ridge_change,248887.0,258047.9084388003
2018-01-01,2017-06-01,7,random_forest_change,248887.0,262025.02731489448
2018-01-01,2017-06-01,7,ridge_change,248887.0,250442.5527200575
2018-01-01,2017-06-01,7,seasonal_change,248887.0,262829.6
2018-01-01,2017-06-01,7,seasonal_naive,248887.0,261109.0
2018-01-01,2017-06-01,7,seasonal_residual_change,248887.0,257760.89342252322
2018-01-01,2017-06-01,7,seasonal_ridge_change,248887.0,254154.29779933597
2018-01-01,2017-06-01,7,spline_ridge_change,248887.0,256802.82483125216
2018-01-01,2017-06-01,7,xgboost_change,248887.0,251508.42822265625
2018-02-01,2017-06-01,8,constrained_level,253249.0,250412.231853802
2018-02-01,2017-06-01,8,forecast_flow_identity,253249.0,253999.0783537269
2018-02-01,2017-06-01,8,huber_change,253249.0,254059.2187946219
2018-02-01,2017-06-01,8,neural_network_change,253249.0,258286.1249229433
2018-02-01,2017-06-01,8,persistence,253249.0,238417.0
2018-02-01,2017-06-01,8,polynomial_ridge_change,253249.0,259246.79809398798
2018-02-01,2017-06-01,8,random_forest_change,253249.0,256625.7934316374
2018-02-01,2017-06-01,8,ridge_change,253249.0,252643.83735935492
2018-02-01,2017-06-01,8,seasonal_change,253249.0,256917.19999999998
2018-02-01,2017-06-01,8,seasonal_naive,253249.0,253635.0
2018-02-01,2017-06-01,8,seasonal_residual_change,253249.0,255271.94929173347
2018-02-01,2017-06-01,8,seasonal_ridge_change,253249.0,255612.27498278665
2018-02-01,2017-06-01,8,spline_ridge_change,253249.0,258392.24359711702
2018-02-01,2017-06-01,8,xgboost_change,253249.0,249354.02880859375
2018-03-01,2017-06-01,9,constrained_level,239670.0,240654.3912804683
2018-03-01,2017-06-01,9,forecast_flow_identity,239670.0,244627.35467556605
2018-03-01,2017-06-01,9,huber_change,239670.0,245392.71550506548
2018-03-01,2017-06-01,9,neural_network_change,239670.0,247998.73836076647
2018-03-01,2017-06-01,9,persistence,239670.0,238417.0
2018-03-01,2017-06-01,9,polynomial_ridge_change,239670.0,249182.00097875402
2018-03-01,2017-06-01,9,random_forest_change,239670.0,248447.86879803397
2018-03-01,2017-06-01,9,ridge_change,239670.0,247437.4830816762
2018-03-01,2017-06-01,9,seasonal_change,239670.0,247922.0
2018-03-01,2017-06-01,9,seasonal_naive,239670.0,239558.0
2018-03-01,2017-06-01,9,seasonal_residual_change,239670.0,246137.47356660606
2018-03-01,2017-06-01,9,seasonal_ridge_change,239670.0,248797.32268936234
2018-03-01,2017-06-01,9,spline_ridge_change,239670.0,248974.22511496986
2018-03-01,2017-06-01,9,xgboost_change,239670.0,241338.369140625
2018-04-01,2017-06-01,10,constrained_level,240145.0,238079.0254150997
2018-04-01,2017-06-01,10,forecast_flow_identity,240145.0,242384.9962773459
2018-04-01,2017-06-01,10,huber_change,240145.0,244545.45461347443
2018-04-01,2017-06-01,10,neural_network_change,240145.0,246673.77973907473
2018-04-01,2017-06-01,10,persistence,240145.0,238417.0
2018-04-01,2017-06-01,10,polynomial_ridge_change,240145.0,247157.07047803063
2018-04-01,2017-06-01,10,random_forest_change,240145.0,245495.88388124373
2018-04-01,2017-06-01,10,ridge_change,240145.0,246822.09245489776
2018-04-01,2017-06-01,10,seasonal_change,240145.0,246044.4
2018-04-01,2017-06-01,10,seasonal_naive,240145.0,243511.0
2018-04-01,2017-06-01,10,seasonal_residual_change,240145.0,244909.6367231126
2018-04-01,2017-06-01,10,seasonal_ridge_change,240145.0,247237.77219073125
2018-04-01,2017-06-01,10,spline_ridge_change,240145.0,245922.67734941468
2018-04-01,2017-06-01,10,xgboost_change,240145.0,239780.0693359375
2018-05-01,2017-06-01,11,constrained_level,242887.0,236454.1403370681
2018-05-01,2017-06-01,11,forecast_flow_identity,242887.0,240979.27259918503
2018-05-01,2017-06-01,11,huber_change,242887.0,241034.54726263782
2018-05-01,2017-06-01,11,neural_network_change,242887.0,242467.03289083124
2018-05-01,2017-06-01,11,persistence,242887.0,238417.0
2018-05-01,2017-06-01,11,polynomial_ridge_change,242887.0,243829.30999864577
2018-05-01,2017-06-01,11,random_forest_change,242887.0,243218.3846412346
2018-05-01,2017-06-01,11,ridge_change,242887.0,244880.5437548079
2018-05-01,2017-06-01,11,seasonal_change,242887.0,245016.8
2018-05-01,2017-06-01,11,seasonal_naive,242887.0,242484.0
2018-05-01,2017-06-01,11,seasonal_residual_change,242887.0,243249.39350123695
2018-05-01,2017-06-01,11,seasonal_ridge_change,242887.0,243364.41995289663
2018-05-01,2017-06-01,11,spline_ridge_change,242887.0,244383.20216229695
2018-05-01,2017-06-01,11,xgboost_change,242887.0,239698.3740234375
2018-06-01,2017-06-01,12,constrained_level,240716.0,237279.886525822
2018-06-01,2017-06-01,12,forecast_flow_identity,240716.0,240181.51420096486
2018-06-01,2017-06-01,12,huber_change,240716.0,239184.881576234
2018-06-01,2017-06-01,12,neural_network_change,240716.0,240939.23632886453
2018-06-01,2017-06-01,12,persistence,240716.0,238417.0
2018-06-01,2017-06-01,12,polynomial_ridge_change,240716.0,242663.24226492507
2018-06-01,2017-06-01,12,random_forest_change,240716.0,241526.69148734902
2018-06-01,2017-06-01,12,ridge_change,240716.0,244503.10188650293
2018-06-01,2017-06-01,12,seasonal_change,240716.0,244583.8
2018-06-01,2017-06-01,12,seasonal_naive,240716.0,238417.0
2018-06-01,2017-06-01,12,seasonal_residual_change,240716.0,242971.73651843413
2018-06-01,2017-06-01,12,seasonal_ridge_change,240716.0,241485.79669999421
2018-06-01,2017-06-01,12,spline_ridge_change,240716.0,244997.45030299918
2018-06-01,2017-06-01,12,xgboost_change,240716.0,241054.5341796875
2018-07-01,2018-06-01,1,constrained_level,234293.0,236978.32824463825
2018-07-01,2018-06-01,1,forecast_flow_identity,234293.0,238106.56952380954
2018-07-01,2018-06-01,1,huber_change,234293.0,234555.76740026663
2018-07-01,2018-06-01,1,neural_network_change,234293.0,235230.09672505388
2018-07-01,2018-06-01,1,persistence,234293.0,240716.0
2018-07-01,2018-06-01,1,polynomial_ridge_change,234293.0,236200.18350907834
2018-07-01,2018-06-01,1,random_forest_change,234293.0,236932.86990331716
2018-07-01,2018-06-01,1,ridge_change,234293.0,238300.38515594002
2018-07-01,2018-06-01,1,seasonal_change,234293.0,237842.2
2018-07-01,2018-06-01,1,seasonal_naive,234293.0,232859.0
2018-07-01,2018-06-01,1,seasonal_residual_change,234293.0,236632.77149740455
2018-07-01,2018-06-01,1,seasonal_ridge_change,234293.0,236200.18350907834
2018-07-01,2018-06-01,1,spline_ridge_change,234293.0,236569.35742630763
2018-07-01,2018-06-01,1,xgboost_change,234293.0,235987.8525390625
2018-08-01,2018-06-01,2,constrained_level,236302.0,238494.11408275724
2018-08-01,2018-06-01,2,forecast_flow_identity,236302.0,232985.26916666664
2018-08-01,2018-06-01,2,huber_change,236302.0,233886.05704268455
2018-08-01,2018-06-01,2,neural_network_change,236302.0,233861.54275928848
2018-08-01,2018-06-01,2,persistence,236302.0,240716.0
2018-08-01,2018-06-01,2,polynomial_ridge_change,236302.0,235931.6030485793
2018-08-01,2018-06-01,2,random_forest_change,236302.0,232981.60371026356
2018-08-01,2018-06-01,2,ridge_change,236302.0,238840.2719638507
2018-08-01,2018-06-01,2,seasonal_change,236302.0,232596.0
2018-08-01,2018-06-01,2,seasonal_naive,236302.0,226788.0
2018-08-01,2018-06-01,2,seasonal_residual_change,236302.0,232954.93775545424
2018-08-01,2018-06-01,2,seasonal_ridge_change,236302.0,235931.6030485793
2018-08-01,2018-06-01,2,spline_ridge_change,236302.0,233356.45991025137
2018-08-01,2018-06-01,2,xgboost_change,236302.0,233095.13232421875
2018-09-01,2018-06-01,3,constrained_level,239970.0,238712.07154135595
2018-09-01,2018-06-01,3,forecast_flow_identity,239970.0,233871.1558026113
2018-09-01,2018-06-01,3,huber_change,239970.0,234922.47036179467
2018-09-01,2018-06-01,3,neural_network_change,239970.0,234994.10961397542
2018-09-01,2018-06-01,3,persistence,239970.0,240716.0
2018-09-01,2018-06-01,3,polynomial_ridge_change,239970.0,236776.19482395996
2018-09-01,2018-06-01,3,random_forest_change,239970.0,229737.70127748704
2018-09-01,2018-06-01,3,ridge_change,239970.0,238783.74204657064
2018-09-01,2018-06-01,3,seasonal_change,239970.0,233227.40000000002
2018-09-01,2018-06-01,3,seasonal_naive,239970.0,223204.0
2018-09-01,2018-06-01,3,seasonal_residual_change,239970.0,233288.7021798146
2018-09-01,2018-06-01,3,seasonal_ridge_change,239970.0,236776.19482395996
2018-09-01,2018-06-01,3,spline_ridge_change,239970.0,231159.91662245383
2018-09-01,2018-06-01,3,xgboost_change,239970.0,229860.87060546875
2018-10-01,2018-06-01,4,constrained_level,232672.0,238287.36791606183
2018-10-01,2018-06-01,4,forecast_flow_identity,232672.0,227762.1253264208
2018-10-01,2018-06-01,4,huber_change,232672.0,232829.8453715478
2018-10-01,2018-06-01,4,neural_network_change,232672.0,232745.30878473032
2018-10-01,2018-06-01,4,persistence,232672.0,240716.0
2018-10-01,2018-06-01,4,polynomial_ridge_change,232672.0,235693.3907225186
2018-10-01,2018-06-01,4,random_forest_change,232672.0,225317.13503961646
2018-10-01,2018-06-01,4,ridge_change,232672.0,236011.34765316543
2018-10-01,2018-06-01,4,seasonal_change,232672.0,226856.00000000003
2018-10-01,2018-06-01,4,seasonal_naive,232672.0,215896.0
2018-10-01,2018-06-01,4,seasonal_residual_change,232672.0,228128.67152982688
2018-10-01,2018-06-01,4,seasonal_ridge_change,232672.0,235693.3907225186
2018-10-01,2018-06-01,4,spline_ridge_change,232672.0,229558.710360671
2018-10-01,2018-06-01,4,xgboost_change,232672.0,223736.24072265625
2018-11-01,2018-06-01,5,constrained_level,230236.0,237647.36962459303
2018-11-01,2018-06-01,5,forecast_flow_identity,230236.0,236338.01196236548
2018-11-01,2018-06-01,5,huber_change,230236.0,236414.97130702497
2018-11-01,2018-06-01,5,neural_network_change,230236.0,237271.8014143053
2018-11-01,2018-06-01,5,persistence,230236.0,240716.0
2018-11-01,2018-06-01,5,polynomial_ridge_change,230236.0,238836.87637427603
2018-11-01,2018-06-01,5,random_forest_change,230236.0,235707.24035039748
2018-11-01,2018-06-01,5,ridge_change,230236.0,236140.0788297914
2018-11-01,2018-06-01,5,seasonal_change,230236.0,235177.0
2018-11-01,2018-06-01,5,seasonal_naive,230236.0,224918.0
2018-11-01,2018-06-01,5,seasonal_residual_change,230236.0,235042.17106829732
2018-11-01,2018-06-01,5,seasonal_ridge_change,230236.0,238836.87637427603
2018-11-01,2018-06-01,5,spline_ridge_change,230236.0,234226.23590018196
2018-11-01,2018-06-01,5,xgboost_change,230236.0,231982.44677734375
2018-12-01,2018-06-01,6,constrained_level,246500.0,243900.75077318764
2018-12-01,2018-06-01,6,forecast_flow_identity,246500.0,248834.58148617495
2018-12-01,2018-06-01,6,huber_change,246500.0,243040.01828206607
2018-12-01,2018-06-01,6,neural_network_change,246500.0,244741.2277230493
2018-12-01,2018-06-01,6,persistence,246500.0,240716.0
2018-12-01,2018-06-01,6,polynomial_ridge_change,246500.0,244276.9958326739
2018-12-01,2018-06-01,6,random_forest_change,246500.0,246194.90272953053
2018-12-01,2018-06-01,6,ridge_change,246500.0,240446.34353034993
2018-12-01,2018-06-01,6,seasonal_change,246500.0,247410.80000000002
2018-12-01,2018-06-01,6,seasonal_naive,246500.0,236816.0
2018-12-01,2018-06-01,6,seasonal_residual_change,246500.0,245806.1802696584
2018-12-01,2018-06-01,6,seasonal_ridge_change,246500.0,244276.99583267389
2018-12-01,2018-06-01,6,spline_ridge_change,246500.0,243281.1446766813
2018-12-01,2018-06-01,6,xgboost_change,246500.0,242258.19287109375
2019-01-01,2018-06-01,7,constrained_level,262366.0,251294.44001779295
2019-01-01,2018-06-01,7,forecast_flow_identity,262366.0,263538.9510099845
2019-01-01,2018-06-01,7,huber_change,262366.0,252185.68520909685
2019-01-01,2018-06-01,7,neural_network_change,262366.0,255134.90842164104
2019-01-01,2018-06-01,7,persistence,262366.0,240716.0
2019-01-01,2018-06-01,7,polynomial_ridge_change,262366.0,251875.4961151334
2019-01-01,2018-06-01,7,random_forest_change,262366.0,258230.00600079642
2019-01-01,2018-06-01,7,ridge_change,262366.0,247572.7128898856
2019-01-01,2018-06-01,7,seasonal_change,262366.0,261852.00000000003
2019-01-01,2018-06-01,7,seasonal_naive,262366.0,248887.0
2019-01-01,2018-06-01,7,seasonal_residual_change,262366.0,259766.0263914963
2019-01-01,2018-06-01,7,seasonal_ridge_change,262366.0,251875.49611513337
2019-01-01,2018-06-01,7,spline_ridge_change,262366.0,253156.7841941595
2019-01-01,2018-06-01,7,xgboost_change,262366.0,255022.95849609375
2019-02-01,2018-06-01,8,constrained_level,252058.0,253415.14343815934
2019-02-01,2018-06-01,8,forecast_flow_identity,252058.0,260308.11324950986
2019-02-01,2018-06-01,8,huber_change,252058.0,255538.25847214152
2019-02-01,2018-06-01,8,neural_network_change,252058.0,258023.48570756492
2019-02-01,2018-06-01,8,persistence,252058.0,240716.0
2019-02-01,2018-06-01,8,polynomial_ridge_change,252058.0,254629.3851042673
2019-02-01,2018-06-01,8,random_forest_change,252058.0,254640.4640243774
2019-02-01,2018-06-01,8,ridge_change,252058.0,251085.0043708996
2019-02-01,2018-06-01,8,seasonal_change,252058.0,258346.80000000002
2019-02-01,2018-06-01,8,seasonal_naive,252058.0,253249.0
2019-02-01,2018-06-01,8,seasonal_residual_change,252058.0,257784.67786756033
2019-02-01,2018-06-01,8,seasonal_ridge_change,252058.0,254629.3851042673
2019-02-01,2018-06-01,8,spline_ridge_change,252058.0,255414.81670359767
2019-02-01,2018-06-01,8,xgboost_change,252058.0,254809.88525390625
2019-03-01,2018-06-01,9,constrained_level,236555.0,243795.544306823
2019-03-01,2018-06-01,9,forecast_flow_identity,236555.0,249278.88277331935
2019-03-01,2018-06-01,9,huber_change,236555.0,247658.4387390968
2019-03-01,2018-06-01,9,neural_network_change,236555.0,248648.10292626658
2019-03-01,2018-06-01,9,persistence,236555.0,240716.0
2019-03-01,2018-06-01,9,polynomial_ridge_change,236555.0,248495.6518705348
2019-03-01,2018-06-01,9,random_forest_change,236555.0,245228.51221595178
2019-03-01,2018-06-01,9,ridge_change,236555.0,246629.6079310889
2019-03-01,2018-06-01,9,seasonal_change,236555.0,247054.2
2019-03-01,2018-06-01,9,seasonal_naive,236555.0,239670.0
2019-03-01,2018-06-01,9,seasonal_residual_change,236555.0,247199.82111644838
2019-03-01,2018-06-01,9,seasonal_ridge_change,236555.0,248495.6518705348
2019-03-01,2018-06-01,9,spline_ridge_change,236555.0,247365.6420313936
2019-03-01,2018-06-01,9,xgboost_change,236555.0,246673.30126953125
2019-04-01,2018-06-01,10,constrained_level,230869.0,240925.24046466153
2019-04-01,2018-06-01,10,forecast_flow_identity,230869.0,248531.369409264
2019-04-01,2018-06-01,10,huber_change,230869.0,246761.02635448286
2019-04-01,2018-06-01,10,neural_network_change,230869.0,247344.2314496647
2019-04-01,2018-06-01,10,persistence,230869.0,240716.0
2019-04-01,2018-06-01,10,polynomial_ridge_change,230869.0,246959.57179473553
2019-04-01,2018-06-01,10,random_forest_change,230869.0,242012.0835184014
2019-04-01,2018-06-01,10,ridge_change,230869.0,245688.97402528417
2019-04-01,2018-06-01,10,seasonal_change,230869.0,246052.0
2019-04-01,2018-06-01,10,seasonal_naive,230869.0,240145.0
2019-04-01,2018-06-01,10,seasonal_residual_change,230869.0,247086.8015223408
2019-04-01,2018-06-01,10,seasonal_ridge_change,230869.0,246959.57179473556
2019-04-01,2018-06-01,10,spline_ridge_change,230869.0,244905.35778004432
2019-04-01,2018-06-01,10,xgboost_change,230869.0,243863.72216796875
2019-05-01,2018-06-01,11,constrained_level,235830.0,240086.17677229468
2019-05-01,2018-06-01,11,forecast_flow_identity,235830.0,248201.33893307345
2019-05-01,2018-06-01,11,huber_change,235830.0,243041.3028225033
2019-05-01,2018-06-01,11,neural_network_change,235830.0,243475.9403748827
2019-05-01,2018-06-01,11,persistence,235830.0,240716.0
2019-05-01,2018-06-01,11,polynomial_ridge_change,235830.0,242997.41716124176
2019-05-01,2018-06-01,11,random_forest_change,235830.0,241007.81279676862
2019-05-01,2018-06-01,11,ridge_change,235830.0,243795.14676004127
2019-05-01,2018-06-01,11,seasonal_change,235830.0,245460.00000000003
2019-05-01,2018-06-01,11,seasonal_naive,235830.0,242887.0
2019-05-01,2018-06-01,11,seasonal_residual_change,235830.0,245545.6607448088
2019-05-01,2018-06-01,11,seasonal_ridge_change,235830.0,242997.41716124176
2019-05-01,2018-06-01,11,spline_ridge_change,235830.0,243634.33550393351
2019-05-01,2018-06-01,11,xgboost_change,235830.0,244478.5068359375
2019-06-01,2018-06-01,12,constrained_level,229914.0,240909.0400053803
2019-06-01,2018-06-01,12,forecast_flow_identity,229914.0,246981.8255690181
2019-06-01,2018-06-01,12,huber_change,229914.0,240893.6205763199
2019-06-01,2018-06-01,12,neural_network_change,229914.0,241258.2942225177
2019-06-01,2018-06-01,12,persistence,229914.0,240716.0
2019-06-01,2018-06-01,12,polynomial_ridge_change,229914.0,241015.94618291198
2019-06-01,2018-06-01,12,random_forest_change,229914.0,239779.8597496157
2019-06-01,2018-06-01,12,ridge_change,229914.0,243493.9862099268
2019-06-01,2018-06-01,12,seasonal_change,229914.0,243986.0
2019-06-01,2018-06-01,12,seasonal_naive,229914.0,240716.0
2019-06-01,2018-06-01,12,seasonal_residual_change,229914.0,243991.51981806837
2019-06-01,2018-06-01,12,seasonal_ridge_change,229914.0,241015.946182912
2019-06-01,2018-06-01,12,spline_ridge_change,229914.0,243603.94770677458
2019-06-01,2018-06-01,12,xgboost_change,229914.0,244381.88671875
2021-07-01,2021-06-01,1,constrained_level,230764.0,235582.7829343542
2021-07-01,2021-06-01,1,forecast_flow_identity,230764.0,233837.79580943484
2021-07-01,2021-06-01,1,huber_change,230764.0,232024.2632419058
2021-07-01,2021-06-01,1,neural_network_change,230764.0,233833.2411733455
2021-07-01,2021-06-01,1,persistence,230764.0,237287.0
2021-07-01,2021-06-01,1,polynomial_ridge_change,230764.0,239483.68577429684
2021-07-01,2021-06-01,1,random_forest_change,230764.0,237909.0870125499
2021-07-01,2021-06-01,1,ridge_change,230764.0,238035.40732690546
2021-07-01,2021-06-01,1,seasonal_change,230764.0,234972.8
2021-07-01,2021-06-01,1,seasonal_naive,230764.0,250360.0
2021-07-01,2021-06-01,1,seasonal_residual_change,230764.0,234893.17368915517
2021-07-01,2021-06-01,1,seasonal_ridge_change,230764.0,232342.4223350126
2021-07-01,2021-06-01,1,spline_ridge_change,230764.0,238375.1651646127
2021-07-01,2021-06-01,1,xgboost_change,230764.0,238065.40625
2021-08-01,2021-06-01,2,constrained_level,225551.0,236453.90915467558
2021-08-01,2021-06-01,2,forecast_flow_identity,225551.0,228818.84452243245
2021-08-01,2021-06-01,2,huber_change,225551.0,230061.89158916997
2021-08-01,2021-06-01,2,neural_network_change,225551.0,231532.1789972118
2021-08-01,2021-06-01,2,persistence,225551.0,237287.0
2021-08-01,2021-06-01,2,polynomial_ridge_change,225551.0,239513.54804847832
2021-08-01,2021-06-01,2,random_forest_change,225551.0,235263.93386998173
2021-08-01,2021-06-01,2,ridge_change,225551.0,238258.82300735923
2021-08-01,2021-06-01,2,seasonal_change,225551.0,231149.0
2021-08-01,2021-06-01,2,seasonal_naive,225551.0,237534.0
2021-08-01,2021-06-01,2,seasonal_residual_change,225551.0,233010.99559870546
2021-08-01,2021-06-01,2,seasonal_ridge_change,225551.0,230054.91463275882
2021-08-01,2021-06-01,2,spline_ridge_change,225551.0,233967.86872082608
2021-08-01,2021-06-01,2,xgboost_change,225551.0,234068.029296875
2021-09-01,2021-06-01,3,constrained_level,227048.0,236567.00688964155
2021-09-01,2021-06-01,3,forecast_flow_identity,227048.0,228961.32744204887
2021-09-01,2021-06-01,3,huber_change,227048.0,230234.02673324422
2021-09-01,2021-06-01,3,neural_network_change,227048.0,231664.3421203361
2021-09-01,2021-06-01,3,persistence,227048.0,237287.0
2021-09-01,2021-06-01,3,polynomial_ridge_change,227048.0,238844.52435244241
2021-09-01,2021-06-01,3,random_forest_change,227048.0,232260.37488419833
2021-09-01,2021-06-01,3,ridge_change,227048.0,236664.61930837692
2021-09-01,2021-06-01,3,seasonal_change,227048.0,232351.40000000002
2021-09-01,2021-06-01,3,seasonal_naive,227048.0,227578.0
2021-09-01,2021-06-01,3,seasonal_residual_change,227048.0,234315.27733784684
2021-09-01,2021-06-01,3,seasonal_ridge_change,227048.0,229938.3219786129
2021-09-01,2021-06-01,3,spline_ridge_change,227048.0,229572.40300351256
2021-09-01,2021-06-01,3,xgboost_change,227048.0,232821.990234375
2021-10-01,2021-06-01,4,constrained_level,216696.0,235352.50187624196
2021-10-01,2021-06-01,4,forecast_flow_identity,216696.0,221438.8202220898
2021-10-01,2021-06-01,4,huber_change,216696.0,228551.95705899032
2021-10-01,2021-06-01,4,neural_network_change,216696.0,228984.5054104764
2021-10-01,2021-06-01,4,persistence,216696.0,237287.0
2021-10-01,2021-06-01,4,polynomial_ridge_change,216696.0,236802.46418373662
2021-10-01,2021-06-01,4,random_forest_change,216696.0,227467.16693234578
2021-10-01,2021-06-01,4,ridge_change,216696.0,233767.46143144806
2021-10-01,2021-06-01,4,seasonal_change,216696.0,225923.6
2021-10-01,2021-06-01,4,seasonal_naive,216696.0,227616.0
2021-10-01,2021-06-01,4,seasonal_residual_change,216696.0,229075.10720707936
2021-10-01,2021-06-01,4,seasonal_ridge_change,216696.0,228347.68408639161
2021-10-01,2021-06-01,4,spline_ridge_change,216696.0,227473.64041011303
2021-10-01,2021-06-01,4,xgboost_change,216696.0,224709.4697265625
2021-11-01,2021-06-01,5,constrained_level,220598.0,234806.2633595286
2021-11-01,2021-06-01,5,forecast_flow_identity,220598.0,226306.81323503255
2021-11-01,2021-06-01,5,huber_change,220598.0,232989.71469528085
2021-11-01,2021-06-01,5,neural_network_change,220598.0,233921.20429147175
2021-11-01,2021-06-01,5,persistence,220598.0,237287.0
2021-11-01,2021-06-01,5,polynomial_ridge_change,220598.0,240401.33674787826
2021-11-01,2021-06-01,5,random_forest_change,220598.0,238215.4140707364
2021-11-01,2021-06-01,5,ridge_change,220598.0,234783.27809896134
2021-11-01,2021-06-01,5,seasonal_change,220598.0,231850.2
2021-11-01,2021-06-01,5,seasonal_naive,220598.0,241230.0
2021-11-01,2021-06-01,5,seasonal_residual_change,220598.0,234729.39178386127
2021-11-01,2021-06-01,5,seasonal_ridge_change,220598.0,232719.82113205202
2021-11-01,2021-06-01,5,spline_ridge_change,220598.0,233199.56496083958
2021-11-01,2021-06-01,5,xgboost_change,220598.0,234157.47998046875
2021-12-01,2021-06-01,6,constrained_level,232178.0,240806.62246106047
2021-12-01,2021-06-01,6,forecast_flow_identity,232178.0,238381.55891863618
2021-12-01,2021-06-01,6,huber_change,232178.0,238496.3055102609
2021-12-01,2021-06-01,6,neural_network_change,232178.0,241198.5431316138
2021-12-01,2021-06-01,6,persistence,232178.0,237287.0
2021-12-01,2021-06-01,6,polynomial_ridge_change,232178.0,245907.08800545475
2021-12-01,2021-06-01,6,random_forest_change,232178.0,249689.89602078326
2021-12-01,2021-06-01,6,ridge_change,232178.0,237724.75342159564
2021-12-01,2021-06-01,6,seasonal_change,232178.0,245019.0
2021-12-01,2021-06-01,6,seasonal_naive,232178.0,243395.0
2021-12-01,2021-06-01,6,seasonal_residual_change,232178.0,246007.31170963845
2021-12-01,2021-06-01,6,seasonal_ridge_change,232178.0,238421.60890676075
2021-12-01,2021-06-01,6,spline_ridge_change,232178.0,241859.52188504866
2021-12-01,2021-06-01,6,xgboost_change,232178.0,242720.50732421875
2022-01-01,2021-06-01,7,constrained_level,251781.0,248327.12513573637
2022-01-01,2021-06-01,7,forecast_flow_identity,251781.0,254937.9046022398
2022-01-01,2021-06-01,7,huber_change,251781.0,247135.68041237936
2022-01-01,2021-06-01,7,neural_network_change,251781.0,251283.73648759746
2022-01-01,2021-06-01,7,persistence,251781.0,237287.0
2022-01-01,2021-06-01,7,polynomial_ridge_change,251781.0,253010.54048820844
2022-01-01,2021-06-01,7,random_forest_change,251781.0,260591.5829940195
2022-01-01,2021-06-01,7,ridge_change,251781.0,243964.90738077887
2022-01-01,2021-06-01,7,seasonal_change,251781.0,262669.6
2022-01-01,2021-06-01,7,seasonal_naive,251781.0,255361.0
2022-01-01,2021-06-01,7,seasonal_residual_change,251781.0,261899.61213709484
2022-01-01,2021-06-01,7,seasonal_ridge_change,251781.0,247142.56084788643
2022-01-01,2021-06-01,7,spline_ridge_change,251781.0,250935.64575417977
2022-01-01,2021-06-01,7,xgboost_change,251781.0,252458.02001953125
2022-02-01,2021-06-01,8,constrained_level,250261.0,250801.61557308605
2022-02-01,2021-06-01,8,forecast_flow_identity,250261.0,247779.1378559508
2022-02-01,2021-06-01,8,huber_change,250261.0,247301.21677317223
2022-02-01,2021-06-01,8,neural_network_change,250261.0,250756.89611158075
2022-02-01,2021-06-01,8,persistence,250261.0,237287.0
2022-02-01,2021-06-01,8,polynomial_ridge_change,250261.0,250743.73411010348
2022-02-01,2021-06-01,8,random_forest_change,250261.0,253097.0280949821
2022-02-01,2021-06-01,8,ridge_change,250261.0,243338.46847657676
2022-02-01,2021-06-01,8,seasonal_change,250261.0,256375.8
2022-02-01,2021-06-01,8,seasonal_naive,250261.0,241273.0
2022-02-01,2021-06-01,8,seasonal_residual_change,250261.0,258256.67163697112
2022-02-01,2021-06-01,8,seasonal_ridge_change,250261.0,247374.3310906101
2022-02-01,2021-06-01,8,spline_ridge_change,250261.0,248705.16282531345
2022-02-01,2021-06-01,8,xgboost_change,250261.0,247176.23095703125
2022-03-01,2021-06-01,9,constrained_level,238502.0,240128.1478013739
2022-03-01,2021-06-01,9,forecast_flow_identity,238502.0,232632.50175000489
2022-03-01,2021-06-01,9,huber_change,238502.0,238200.3786778426
2022-03-01,2021-06-01,9,neural_network_change,238502.0,240455.6541508169
2022-03-01,2021-06-01,9,persistence,238502.0,237287.0
2022-03-01,2021-06-01,9,polynomial_ridge_change,238502.0,241974.4114225706
2022-03-01,2021-06-01,9,random_forest_change,238502.0,242473.95170299208
2022-03-01,2021-06-01,9,ridge_change,238502.0,237118.12113199162
2022-03-01,2021-06-01,9,seasonal_change,238502.0,242460.3
2022-03-01,2021-06-01,9,seasonal_naive,238502.0,237846.0
2022-03-01,2021-06-01,9,seasonal_residual_change,238502.0,245102.37223337282
2022-03-01,2021-06-01,9,seasonal_ridge_change,238502.0,238537.48829606728
2022-03-01,2021-06-01,9,spline_ridge_change,238502.0,240436.83959004265
2022-03-01,2021-06-01,9,xgboost_change,238502.0,235554.13671875
2022-04-01,2021-06-01,10,constrained_level,230020.0,236985.22253515292
2022-04-01,2021-06-01,10,forecast_flow_identity,230020.0,231482.64511230055
2022-04-01,2021-06-01,10,huber_change,230020.0,238533.35129282574
2022-04-01,2021-06-01,10,neural_network_change,230020.0,238560.651401103
2022-04-01,2021-06-01,10,persistence,230020.0,237287.0
2022-04-01,2021-06-01,10,polynomial_ridge_change,230020.0,241353.02420316564
2022-04-01,2021-06-01,10,random_forest_change,230020.0,238643.76509015134
2022-04-01,2021-06-01,10,ridge_change,230020.0,236383.55495203726
2022-04-01,2021-06-01,10,seasonal_change,230020.0,242086.55
2022-04-01,2021-06-01,10,seasonal_naive,230020.0,238622.0
2022-04-01,2021-06-01,10,seasonal_residual_change,230020.0,243933.08213721908
2022-04-01,2021-06-01,10,seasonal_ridge_change,230020.0,238384.25743175327
2022-04-01,2021-06-01,10,spline_ridge_change,230020.0,237192.51063783208
2022-04-01,2021-06-01,10,xgboost_change,230020.0,234610.63916015625
2022-05-01,2021-06-01,11,constrained_level,220723.0,234990.86207263032
2022-05-01,2021-06-01,11,forecast_flow_identity,220723.0,232075.05325333943
2022-05-01,2021-06-01,11,huber_change,220723.0,233932.36548080473
2022-05-01,2021-06-01,11,neural_network_change,220723.0,233681.4317133023
2022-05-01,2021-06-01,11,persistence,220723.0,237287.0
2022-05-01,2021-06-01,11,polynomial_ridge_change,220723.0,238868.70640810832
2022-05-01,2021-06-01,11,random_forest_change,220723.0,237790.0028062158
2022-05-01,2021-06-01,11,ridge_change,220723.0,233637.93672022142
2022-05-01,2021-06-01,11,seasonal_change,220723.0,243718.55
2022-05-01,2021-06-01,11,seasonal_naive,220723.0,240176.0
2022-05-01,2021-06-01,11,seasonal_residual_change,220723.0,243549.54626923092
2022-05-01,2021-06-01,11,seasonal_ridge_change,220723.0,233716.29061213412
2022-05-01,2021-06-01,11,spline_ridge_change,220723.0,235452.23710506852
2022-05-01,2021-06-01,11,xgboost_change,220723.0,233393.6640625
2022-06-01,2021-06-01,12,constrained_level,221017.0,235509.50779568392
2022-06-01,2021-06-01,12,forecast_flow_identity,221017.0,228048.6290173608
2022-06-01,2021-06-01,12,huber_change,221017.0,231536.81189607683
2022-06-01,2021-06-01,12,neural_network_change,221017.0,231170.16009081883
2022-06-01,2021-06-01,12,persistence,221017.0,237287.0
2022-06-01,2021-06-01,12,polynomial_ridge_change,221017.0,236576.5677049547
2022-06-01,2021-06-01,12,random_forest_change,221017.0,235140.6950735042
2022-06-01,2021-06-01,12,ridge_change,221017.0,232766.15465325152
2022-06-01,2021-06-01,12,seasonal_change,221017.0,240560.55
2022-06-01,2021-06-01,12,seasonal_naive,221017.0,237287.0
2022-06-01,2021-06-01,12,seasonal_residual_change,221017.0,241619.1652040919
2022-06-01,2021-06-01,12,seasonal_ridge_change,221017.0,231215.56814912567
2022-06-01,2021-06-01,12,spline_ridge_change,221017.0,235063.83088623418
2022-06-01,2021-06-01,12,xgboost_change,221017.0,230944.970703125
2022-07-01,2022-06-01,1,constrained_level,225133.0,225478.0688746304
2022-07-01,2022-06-01,1,forecast_flow_identity,225133.0,217448.42882197132
2022-07-01,2022-06-01,1,huber_change,225133.0,217332.7573990643
2022-07-01,2022-06-01,1,neural_network_change,225133.0,217427.57381080143
2022-07-01,2022-06-01,1,persistence,225133.0,221017.0
2022-07-01,2022-06-01,1,polynomial_ridge_change,225133.0,217262.3875002214
2022-07-01,2022-06-01,1,random_forest_change,225133.0,221274.59487163168
2022-07-01,2022-06-01,1,ridge_change,225133.0,221905.5211902148
2022-07-01,2022-06-01,1,seasonal_change,225133.0,218074.19999999998
2022-07-01,2022-06-01,1,seasonal_naive,225133.0,230764.0
2022-07-01,2022-06-01,1,seasonal_residual_change,225133.0,219934.4470194971
2022-07-01,2022-06-01,1,seasonal_ridge_change,225133.0,217262.38750022143
2022-07-01,2022-06-01,1,spline_ridge_change,225133.0,220688.53618193453
2022-07-01,2022-06-01,1,xgboost_change,225133.0,220779.96826171875
2022-08-01,2022-06-01,2,constrained_level,215592.0,227228.55909931997
2022-08-01,2022-06-01,2,forecast_flow_identity,215592.0,211848.85764394264
2022-08-01,2022-06-01,2,huber_change,215592.0,216985.56325445705
2022-08-01,2022-06-01,2,neural_network_change,215592.0,218092.80312646145
2022-08-01,2022-06-01,2,persistence,215592.0,221017.0
2022-08-01,2022-06-01,2,polynomial_ridge_change,215592.0,216808.71715045837
2022-08-01,2022-06-01,2,random_forest_change,215592.0,218906.54995891656
2022-08-01,2022-06-01,2,ridge_change,215592.0,222724.10421349542
2022-08-01,2022-06-01,2,seasonal_change,215592.0,213100.59999999998
2022-08-01,2022-06-01,2,seasonal_naive,215592.0,225551.0
2022-08-01,2022-06-01,2,seasonal_residual_change,215592.0,217588.15662810748
2022-08-01,2022-06-01,2,seasonal_ridge_change,215592.0,216808.71715045837
2022-08-01,2022-06-01,2,spline_ridge_change,215592.0,218985.90105227198
2022-08-01,2022-06-01,2,xgboost_change,215592.0,218578.5556640625
2022-09-01,2022-06-01,3,constrained_level,209516.0,228121.22732189915
2022-09-01,2022-06-01,3,forecast_flow_identity,209516.0,211353.08553617296
2022-09-01,2022-06-01,3,huber_change,209516.0,218932.2719488102
2022-09-01,2022-06-01,3,neural_network_change,209516.0,220008.6049593543
2022-09-01,2022-06-01,3,persistence,209516.0,221017.0
2022-09-01,2022-06-01,3,polynomial_ridge_change,209516.0,218684.2680591828
2022-09-01,2022-06-01,3,random_forest_change,209516.0,218050.4758965986
2022-09-01,2022-06-01,3,ridge_change,209516.0,223599.589510643
2022-09-01,2022-06-01,3,seasonal_change,209516.0,213210.2
2022-09-01,2022-06-01,3,seasonal_naive,209516.0,227048.0
2022-09-01,2022-06-01,3,seasonal_residual_change,209516.0,219324.61402883826
2022-09-01,2022-06-01,3,seasonal_ridge_change,209516.0,218684.26805918282
2022-09-01,2022-06-01,3,spline_ridge_change,209516.0,217924.52164831685
2022-09-01,2022-06-01,3,xgboost_change,209516.0,217911.95361328125
2022-10-01,2022-06-01,4,constrained_level,210445.0,227650.18872189324
2022-10-01,2022-06-01,4,forecast_flow_identity,210445.0,203800.7143581443
2022-10-01,2022-06-01,4,huber_change,210445.0,217201.86811961385
2022-10-01,2022-06-01,4,neural_network_change,210445.0,217621.341232931
2022-10-01,2022-06-01,4,persistence,210445.0,221017.0
2022-10-01,2022-06-01,4,polynomial_ridge_change,210445.0,217073.10903387482
2022-10-01,2022-06-01,4,random_forest_change,210445.0,214524.3755667853
2022-10-01,2022-06-01,4,ridge_change,210445.0,220575.1933680091
2022-10-01,2022-06-01,4,seasonal_change,210445.0,206284.0
2022-10-01,2022-06-01,4,seasonal_naive,210445.0,216696.0
2022-10-01,2022-06-01,4,seasonal_residual_change,210445.0,214625.58346091118
2022-10-01,2022-06-01,4,seasonal_ridge_change,210445.0,217073.10903387485
2022-10-01,2022-06-01,4,spline_ridge_change,210445.0,215982.468581497
2022-10-01,2022-06-01,4,xgboost_change,210445.0,214358.04736328125
2022-11-01,2022-06-01,5,constrained_level,221354.0,228492.2528312171
2022-11-01,2022-06-01,5,forecast_flow_identity,221354.0,208785.54225037465
2022-11-01,2022-06-01,5,huber_change,221354.0,220735.14769265102
2022-11-01,2022-06-01,5,neural_network_change,221354.0,221882.69892489642
2022-11-01,2022-06-01,5,persistence,221354.0,221017.0
2022-11-01,2022-06-01,5,polynomial_ridge_change,221354.0,220567.67253504385
2022-11-01,2022-06-01,5,random_forest_change,221354.0,224556.1492220069
2022-11-01,2022-06-01,5,ridge_change,221354.0,220478.2283168418
2022-11-01,2022-06-01,5,seasonal_change,221354.0,211874.8
2022-11-01,2022-06-01,5,seasonal_naive,221354.0,220598.0
2022-11-01,2022-06-01,5,seasonal_residual_change,221354.0,220721.4493901576
2022-11-01,2022-06-01,5,seasonal_ridge_change,221354.0,220567.67253504388
2022-11-01,2022-06-01,5,spline_ridge_change,221354.0,220706.428532153
2022-11-01,2022-06-01,5,xgboost_change,221354.0,220999.24072265625
2022-12-01,2022-06-01,6,constrained_level,224410.0,234802.9001547534
2022-12-01,2022-06-01,6,forecast_flow_identity,224410.0,221140.17107234598
2022-12-01,2022-06-01,6,huber_change,224410.0,226812.7819862253
2022-12-01,2022-06-01,6,neural_network_change,224410.0,229194.9640263494
2022-12-01,2022-06-01,6,persistence,224410.0,221017.0
2022-12-01,2022-06-01,6,polynomial_ridge_change,224410.0,226754.95930921298
2022-12-01,2022-06-01,6,random_forest_change,224410.0,236831.05726955374
2022-12-01,2022-06-01,6,ridge_change,224410.0,224675.88089016546
2022-12-01,2022-06-01,6,seasonal_change,224410.0,224854.0
2022-12-01,2022-06-01,6,seasonal_naive,224410.0,232178.0
2022-12-01,2022-06-01,6,seasonal_residual_change,224410.0,233002.36630525193
2022-12-01,2022-06-01,6,seasonal_ridge_change,224410.0,226754.95930921298
2022-12-01,2022-06-01,6,spline_ridge_change,224410.0,228637.7326498673
2022-12-01,2022-06-01,6,xgboost_change,224410.0,229986.34814453125
2023-01-01,2022-06-01,7,constrained_level,239632.0,243293.62832669728
2023-01-01,2022-06-01,7,forecast_flow_identity,239632.0,236849.1998943173
2023-01-01,2022-06-01,7,huber_change,239632.0,236710.08799288404
2023-01-01,2022-06-01,7,neural_network_change,239632.0,240680.19088890706
2023-01-01,2022-06-01,7,persistence,239632.0,221017.0
2023-01-01,2022-06-01,7,polynomial_ridge_change,239632.0,236754.910823775
2023-01-01,2022-06-01,7,random_forest_change,239632.0,249288.35766699834
2023-01-01,2022-06-01,7,ridge_change,239632.0,234397.82844743622
2023-01-01,2022-06-01,7,seasonal_change,239632.0,241188.59999999998
2023-01-01,2022-06-01,7,seasonal_naive,239632.0,251781.0
2023-01-01,2022-06-01,7,seasonal_residual_change,239632.0,248446.46557694802
2023-01-01,2022-06-01,7,seasonal_ridge_change,239632.0,236754.910823775
2023-01-01,2022-06-01,7,spline_ridge_change,239632.0,238024.70015819953
2023-01-01,2022-06-01,7,xgboost_change,239632.0,240197.39013671875
2023-02-01,2022-06-01,8,constrained_level,242636.0,244874.45449458473
2023-02-01,2022-06-01,8,forecast_flow_identity,242636.0,230858.66730637592
2023-02-01,2022-06-01,8,huber_change,242636.0,238716.29996619606
2023-02-01,2022-06-01,8,neural_network_change,242636.0,240944.09984647197
2023-02-01,2022-06-01,8,persistence,242636.0,221017.0
2023-02-01,2022-06-01,8,polynomial_ridge_change,242636.0,238809.6401931591
2023-02-01,2022-06-01,8,random_forest_change,242636.0,243281.6769489048
2023-02-01,2022-06-01,8,ridge_change,242636.0,237477.25334959713
2023-02-01,2022-06-01,8,seasonal_change,242636.0,235676.59999999998
2023-02-01,2022-06-01,8,seasonal_naive,242636.0,250261.0
2023-02-01,2022-06-01,8,seasonal_residual_change,242636.0,244853.5457694667
2023-02-01,2022-06-01,8,seasonal_ridge_change,242636.0,238809.64019315914
2023-02-01,2022-06-01,8,spline_ridge_change,242636.0,237738.28310636076
2023-02-01,2022-06-01,8,xgboost_change,242636.0,236059.56005859375
2023-03-01,2022-06-01,9,constrained_level,225203.0,233792.82138833974
2023-03-01,2022-06-01,9,forecast_flow_identity,225203.0,216469.53975055614
2023-03-01,2022-06-01,9,huber_change,225203.0,229613.8500973622
2023-03-01,2022-06-01,9,neural_network_change,225203.0,230343.29552951042
2023-03-01,2022-06-01,9,persistence,225203.0,221017.0
2023-03-01,2022-06-01,9,polynomial_ridge_change,225203.0,229919.89665320612
2023-03-01,2022-06-01,9,random_forest_change,225203.0,233952.9559241055
2023-03-01,2022-06-01,9,ridge_change,225203.0,230541.63581504664
2023-03-01,2022-06-01,9,seasonal_change,225203.0,221947.09999999998
2023-03-01,2022-06-01,9,seasonal_naive,225203.0,238502.0
2023-03-01,2022-06-01,9,seasonal_residual_change,225203.0,232397.0900876379
2023-03-01,2022-06-01,9,seasonal_ridge_change,225203.0,229919.89665320612
2023-03-01,2022-06-01,9,spline_ridge_change,225203.0,229408.21307736088
2023-03-01,2022-06-01,9,xgboost_change,225203.0,227208.50830078125
2023-04-01,2022-06-01,10,constrained_level,223642.0,229928.72066045392
2023-04-01,2022-06-01,10,forecast_flow_identity,223642.0,214049.2151359871
2023-04-01,2022-06-01,10,huber_change,223642.0,227532.00791797577
2023-04-01,2022-06-01,10,neural_network_change,223642.0,227481.28810856288
2023-04-01,2022-06-01,10,persistence,223642.0,221017.0
2023-04-01,2022-06-01,10,polynomial_ridge_change,223642.0,227433.27168193573
2023-04-01,2022-06-01,10,random_forest_change,223642.0,227773.41123208834
2023-04-01,2022-06-01,10,ridge_change,223642.0,227026.8906742126
2023-04-01,2022-06-01,10,seasonal_change,223642.0,219512.09999999998
2023-04-01,2022-06-01,10,seasonal_naive,223642.0,230020.0
2023-04-01,2022-06-01,10,seasonal_residual_change,223642.0,229829.9894061265
2023-04-01,2022-06-01,10,seasonal_ridge_change,223642.0,227433.27168193573
2023-04-01,2022-06-01,10,spline_ridge_change,223642.0,226206.90719051706
2023-04-01,2022-06-01,10,xgboost_change,223642.0,221284.359375
2023-05-01,2022-06-01,11,constrained_level,222146.0,227664.82979910876
2023-05-01,2022-06-01,11,forecast_flow_identity,222146.0,213242.80033574937
2023-05-01,2022-06-01,11,huber_change,222146.0,220356.23733264024
2023-05-01,2022-06-01,11,neural_network_change,222146.0,220549.6167749666
2023-05-01,2022-06-01,11,persistence,222146.0,221017.0
2023-05-01,2022-06-01,11,polynomial_ridge_change,222146.0,220327.6700401813
2023-05-01,2022-06-01,11,random_forest_change,222146.0,223489.50686893205
2023-05-01,2022-06-01,11,ridge_change,222146.0,221211.7040163786
2023-05-01,2022-06-01,11,seasonal_change,222146.0,219298.69999999998
2023-05-01,2022-06-01,11,seasonal_naive,222146.0,220723.0
2023-05-01,2022-06-01,11,seasonal_residual_change,222146.0,228429.84621118507
2023-05-01,2022-06-01,11,seasonal_ridge_change,222146.0,220327.67004018129
2023-05-01,2022-06-01,11,spline_ridge_change,222146.0,222585.81914564455
2023-05-01,2022-06-01,11,xgboost_change,222146.0,217465.4443359375
2023-06-01,2022-06-01,12,constrained_level,222056.0,228447.29766948326
2023-06-01,2022-06-01,12,forecast_flow_identity,222056.0,209995.5239017914
2023-06-01,2022-06-01,12,huber_change,222056.0,217828.20385574896
2023-06-01,2022-06-01,12,neural_network_change,222056.0,218654.71777773867
2023-06-01,2022-06-01,12,persistence,222056.0,221017.0
2023-06-01,2022-06-01,12,polynomial_ridge_change,222056.0,217572.76810881996
2023-06-01,2022-06-01,12,random_forest_change,222056.0,221553.03164811726
2023-06-01,2022-06-01,12,ridge_change,222056.0,219826.94013557746
2023-06-01,2022-06-01,12,seasonal_change,222056.0,216348.9
2023-06-01,2022-06-01,12,seasonal_naive,222056.0,221017.0
2023-06-01,2022-06-01,12,seasonal_residual_change,222056.0,226205.30643833976
2023-06-01,2022-06-01,12,seasonal_ridge_change,222056.0,217572.76810881996
2023-06-01,2022-06-01,12,spline_ridge_change,222056.0,223507.0693564559
2023-06-01,2022-06-01,12,xgboost_change,222056.0,217799.70654296875
2023-07-01,2023-06-01,1,constrained_level,220875.0,223153.7548270522
2023-07-01,2023-06-01,1,forecast_flow_identity,220875.0,220206.72033906146
2023-07-01,2023-06-01,1,huber_change,220875.0,219359.77429307072
2023-07-01,2023-06-01,1,neural_network_change,220875.0,220056.4542515486
2023-07-01,2023-06-01,1,persistence,220875.0,222056.0
2023-07-01,2023-06-01,1,polynomial_ridge_change,220875.0,218958.00113882776
2023-07-01,2023-06-01,1,random_forest_change,220875.0,220939.9421774227
2023-07-01,2023-06-01,1,ridge_change,220875.0,222448.716390697
2023-07-01,2023-06-01,1,seasonal_change,220875.0,220282.4
2023-07-01,2023-06-01,1,seasonal_naive,220875.0,225133.0
2023-07-01,2023-06-01,1,seasonal_residual_change,220875.0,221351.1153374536
2023-07-01,2023-06-01,1,seasonal_ridge_change,220875.0,218958.00113882776
2023-07-01,2023-06-01,1,spline_ridge_change,220875.0,220728.1514463415
2023-07-01,2023-06-01,1,xgboost_change,220875.0,220897.7109375
2023-08-01,2023-06-01,2,constrained_level,219154.0,223734.8655404129
2023-08-01,2023-06-01,2,forecast_flow_identity,219154.0,215277.85824721333
2023-08-01,2023-06-01,2,huber_change,219154.0,215674.3613819369
2023-08-01,2023-06-01,2,neural_network_change,219154.0,217389.40478220498
2023-08-01,2023-06-01,2,persistence,219154.0,222056.0
2023-08-01,2023-06-01,2,polynomial_ridge_change,219154.0,215225.96592978603
2023-08-01,2023-06-01,2,random_forest_change,219154.0,220468.12891431106
2023-08-01,2023-06-01,2,ridge_change,219154.0,219668.38347949786
2023-08-01,2023-06-01,2,seasonal_change,219154.0,215504.8
2023-08-01,2023-06-01,2,seasonal_naive,219154.0,215592.0
2023-08-01,2023-06-01,2,seasonal_residual_change,219154.0,217756.89275761793
2023-08-01,2023-06-01,2,seasonal_ridge_change,219154.0,215225.96592978603
2023-08-01,2023-06-01,2,spline_ridge_change,219154.0,216453.53763622072
2023-08-01,2023-06-01,2,xgboost_change,219154.0,220722.16455078125
2023-09-01,2023-06-01,3,constrained_level,227886.0,223841.4895115199
2023-09-01,2023-06-01,3,forecast_flow_identity,227886.0,214642.6263172728
2023-09-01,2023-06-01,3,huber_change,227886.0,214679.35070793307
2023-09-01,2023-06-01,3,neural_network_change,227886.0,216457.99845206662
2023-09-01,2023-06-01,3,persistence,227886.0,222056.0
2023-09-01,2023-06-01,3,polynomial_ridge_change,227886.0,214237.70412747908
2023-09-01,2023-06-01,3,random_forest_change,227886.0,219673.24890537153
2023-09-01,2023-06-01,3,ridge_change,227886.0,217113.72653374882
2023-09-01,2023-06-01,3,seasonal_change,227886.0,214941.99999999997
2023-09-01,2023-06-01,3,seasonal_naive,227886.0,209516.0
2023-09-01,2023-06-01,3,seasonal_residual_change,227886.0,218101.06420552524
2023-09-01,2023-06-01,3,seasonal_ridge_change,227886.0,214237.70412747908
2023-09-01,2023-06-01,3,spline_ridge_change,227886.0,213514.1639538293
2023-09-01,2023-06-01,3,xgboost_change,227886.0,219303.55224609375
2023-10-01,2023-06-01,4,constrained_level,218729.0,223196.20489138985
2023-10-01,2023-06-01,4,forecast_flow_identity,218729.0,208246.9466563343
2023-10-01,2023-06-01,4,huber_change,218729.0,212322.57066737008
2023-10-01,2023-06-01,4,neural_network_change,218729.0,213603.0675901231
2023-10-01,2023-06-01,4,persistence,218729.0,222056.0
2023-10-01,2023-06-01,4,polynomial_ridge_change,218729.0,212075.72491297123
2023-10-01,2023-06-01,4,random_forest_change,218729.0,217567.17973023243
2023-10-01,2023-06-01,4,ridge_change,218729.0,214189.60721665178
2023-10-01,2023-06-01,4,seasonal_change,218729.0,208622.19999999998
2023-10-01,2023-06-01,4,seasonal_naive,218729.0,210445.0
2023-10-01,2023-06-01,4,seasonal_residual_change,218729.0,212899.28432209123
2023-10-01,2023-06-01,4,seasonal_ridge_change,218729.0,212075.72491297126
2023-10-01,2023-06-01,4,spline_ridge_change,218729.0,211223.18686145014
2023-10-01,2023-06-01,4,xgboost_change,218729.0,216497.55419921875
2023-11-01,2023-06-01,5,constrained_level,221534.0,224255.16782845237
2023-11-01,2023-06-01,5,forecast_flow_identity,221534.0,214282.96398680384
2023-11-01,2023-06-01,5,huber_change,221534.0,216550.50519389377
2023-11-01,2023-06-01,5,neural_network_change,221534.0,218071.83879296825
2023-11-01,2023-06-01,5,persistence,221534.0,222056.0
2023-11-01,2023-06-01,5,polynomial_ridge_change,221534.0,216408.02304999664
2023-11-01,2023-06-01,5,random_forest_change,221534.0,227701.85944811202
2023-11-01,2023-06-01,5,ridge_change,221534.0,216080.59282794726
2023-11-01,2023-06-01,5,seasonal_change,221534.0,214745.2
2023-11-01,2023-06-01,5,seasonal_naive,221534.0,221354.0
2023-11-01,2023-06-01,5,seasonal_residual_change,221534.0,218214.7413201829
2023-11-01,2023-06-01,5,seasonal_ridge_change,221534.0,216408.02304999664
2023-11-01,2023-06-01,5,spline_ridge_change,221534.0,216944.5720411556
2023-11-01,2023-06-01,5,xgboost_change,221534.0,223489.78515625
2023-12-01,2023-06-01,6,constrained_level,240717.0,229932.49576546557
2023-12-01,2023-06-01,6,forecast_flow_identity,240717.0,226849.28432586527
2023-12-01,2023-06-01,6,huber_change,240717.0,221697.81787321583
2023-12-01,2023-06-01,6,neural_network_change,240717.0,224466.89401793008
2023-12-01,2023-06-01,6,persistence,240717.0,222056.0
2023-12-01,2023-06-01,6,polynomial_ridge_change,240717.0,221634.3375532707
2023-12-01,2023-06-01,6,random_forest_change,240717.0,236592.62679087845
2023-12-01,2023-06-01,6,ridge_change,240717.0,219325.1447120711
2023-12-01,2023-06-01,6,seasonal_change,240717.0,227386.59999999998
2023-12-01,2023-06-01,6,seasonal_naive,240717.0,224410.0
2023-12-01,2023-06-01,6,seasonal_residual_change,240717.0,228964.63564307307
2023-12-01,2023-06-01,6,seasonal_ridge_change,240717.0,221634.33755327074
2023-12-01,2023-06-01,6,spline_ridge_change,240717.0,224211.82339321572
2023-12-01,2023-06-01,6,xgboost_change,240717.0,229245.9150390625
2024-01-01,2023-06-01,7,constrained_level,252096.0,237024.57748066486
2024-01-01,2023-06-01,7,forecast_flow_identity,252096.0,241649.2046649268
2024-01-01,2023-06-01,7,huber_change,252096.0,229896.88704083505
2024-01-01,2023-06-01,7,neural_network_change,252096.0,233628.9561133883
2024-01-01,2023-06-01,7,persistence,252096.0,222056.0
2024-01-01,2023-06-01,7,polynomial_ridge_change,252096.0,229852.18222276942
2024-01-01,2023-06-01,7,random_forest_change,252096.0,247197.05755043263
2024-01-01,2023-06-01,7,ridge_change,252096.0,226589.1489616459
2024-01-01,2023-06-01,7,seasonal_change,252096.0,242261.19999999998
2024-01-01,2023-06-01,7,seasonal_naive,252096.0,239632.0
2024-01-01,2023-06-01,7,seasonal_residual_change,252096.0,241996.77266431143
2024-01-01,2023-06-01,7,seasonal_ridge_change,252096.0,229852.18222276945
2024-01-01,2023-06-01,7,spline_ridge_change,252096.0,231536.7517935957
2024-01-01,2023-06-01,7,xgboost_change,252096.0,236820.96337890625
2024-02-01,2023-06-01,8,constrained_level,240686.0,237872.45385780127
2024-02-01,2023-06-01,8,forecast_flow_identity,240686.0,238129.54189455573
2024-02-01,2023-06-01,8,huber_change,240686.0,231275.96779129098
2024-02-01,2023-06-01,8,neural_network_change,240686.0,233320.1253858687
2024-02-01,2023-06-01,8,persistence,240686.0,222056.0
2024-02-01,2023-06-01,8,polynomial_ridge_change,240686.0,231320.41782980604
2024-02-01,2023-06-01,8,random_forest_change,240686.0,239981.1539203874
2024-02-01,2023-06-01,8,ridge_change,240686.0,228634.10140929517
2024-02-01,2023-06-01,8,seasonal_change,240686.0,238844.8
2024-02-01,2023-06-01,8,seasonal_naive,240686.0,242636.0
2024-02-01,2023-06-01,8,seasonal_residual_change,240686.0,239265.60670877373
2024-02-01,2023-06-01,8,seasonal_ridge_change,240686.0,231320.41782980607
2024-02-01,2023-06-01,8,spline_ridge_change,240686.0,229424.3356097659
2024-02-01,2023-06-01,8,xgboost_change,240686.0,232521.31396484375
2024-03-01,2023-06-01,9,constrained_level,233532.0,229302.59430797235
2024-03-01,2023-06-01,9,forecast_flow_identity,233532.0,223428.06486081448
2024-03-01,2023-06-01,9,huber_change,233532.0,224518.09411275544
2024-03-01,2023-06-01,9,neural_network_change,233532.0,224022.2065368259
2024-03-01,2023-06-01,9,persistence,233532.0,222056.0
2024-03-01,2023-06-01,9,polynomial_ridge_change,233532.0,224555.72125371738
2024-03-01,2023-06-01,9,random_forest_change,233532.0,230225.18554081046
2024-03-01,2023-06-01,9,ridge_change,233532.0,222780.58480658496
2024-03-01,2023-06-01,9,seasonal_change,233532.0,224276.3
2024-03-01,2023-06-01,9,seasonal_naive,233532.0,225203.0
2024-03-01,2023-06-01,9,seasonal_residual_change,233532.0,226540.3112610189
2024-03-01,2023-06-01,9,seasonal_ridge_change,233532.0,224555.72125371738
2024-03-01,2023-06-01,9,spline_ridge_change,233532.0,218153.67603819913
2024-03-01,2023-06-01,9,xgboost_change,233532.0,223411.0244140625
2024-04-01,2023-06-01,10,constrained_level,233704.0,224879.46129164542
2024-04-01,2023-06-01,10,forecast_flow_identity,233704.0,220369.81456181346
2024-04-01,2023-06-01,10,huber_change,233704.0,222628.13310886276
2024-04-01,2023-06-01,10,neural_network_change,233704.0,221057.25538249986
2024-04-01,2023-06-01,10,persistence,233704.0,222056.0
2024-04-01,2023-06-01,10,polynomial_ridge_change,233704.0,222373.65811183
2024-04-01,2023-06-01,10,random_forest_change,233704.0,224947.16482754966
2024-04-01,2023-06-01,10,ridge_change,233704.0,220165.71068091507
2024-04-01,2023-06-01,10,seasonal_change,233704.0,220462.8
2024-04-01,2023-06-01,10,seasonal_naive,233704.0,223642.0
2024-04-01,2023-06-01,10,seasonal_residual_change,233704.0,222745.42005742204
2024-04-01,2023-06-01,10,seasonal_ridge_change,233704.0,222373.65811183004
2024-04-01,2023-06-01,10,spline_ridge_change,233704.0,213608.13313766627
2024-04-01,2023-06-01,10,xgboost_change,233704.0,218879.75927734375
2024-05-01,2023-06-01,11,constrained_level,231654.0,221646.90439234156
2024-05-01,2023-06-01,11,forecast_flow_identity,231654.0,219991.5504375937
2024-05-01,2023-06-01,11,huber_change,231654.0,216573.17296417017
2024-05-01,2023-06-01,11,neural_network_change,231654.0,215023.55742204757
2024-05-01,2023-06-01,11,persistence,231654.0,222056.0
2024-05-01,2023-06-01,11,polynomial_ridge_change,231654.0,216267.1107128638
2024-05-01,2023-06-01,11,random_forest_change,231654.0,222745.6431538716
2024-05-01,2023-06-01,11,ridge_change,231654.0,216186.3957938597
2024-05-01,2023-06-01,11,seasonal_change,231654.0,220155.6
2024-05-01,2023-06-01,11,seasonal_naive,231654.0,222146.0
2024-05-01,2023-06-01,11,seasonal_residual_change,231654.0,221570.90892184302
2024-05-01,2023-06-01,11,seasonal_ridge_change,231654.0,216267.1107128638
2024-05-01,2023-06-01,11,spline_ridge_change,231654.0,211754.01040556448
2024-05-01,2023-06-01,11,xgboost_change,231654.0,218017.8642578125
2024-06-01,2023-06-01,12,constrained_level,232518.0,222574.13094635596
2024-06-01,2023-06-01,12,forecast_flow_identity,232518.0,217436.2927376598
2024-06-01,2023-06-01,12,huber_change,232518.0,214611.9190590637
2024-06-01,2023-06-01,12,neural_network_change,232518.0,213981.1213034169
2024-06-01,2023-06-01,12,persistence,232518.0,222056.0
2024-06-01,2023-06-01,12,polynomial_ridge_change,232518.0,214029.10228381888
2024-06-01,2023-06-01,12,random_forest_change,232518.0,222267.1429629878
2024-06-01,2023-06-01,12,ridge_change,232518.0,215621.7902794284
2024-06-01,2023-06-01,12,seasonal_change,232518.0,218001.2
2024-06-01,2023-06-01,12,seasonal_naive,232518.0,222056.0
2024-06-01,2023-06-01,12,seasonal_residual_change,232518.0,220141.454732045
2024-06-01,2023-06-01,12,seasonal_ridge_change,232518.0,214029.1022838189
2024-06-01,2023-06-01,12,spline_ridge_change,232518.0,214197.13194815948
2024-06-01,2023-06-01,12,xgboost_change,232518.0,218534.650390625
