time_period,flow_breakdown,obs_value,assessment_code
2024-01-01,CLOSTLV,209278.0,1
2024-01-01,STOCKCH,9873.0,1
2024-02-01,CLOSTLV,199062.0,1
2024-02-01,STOCKCH,-10216.0,1
2024-03-01,CLOSTLV,196182.0,1
2024-03-01,STOCKCH,-2880.0,1
2024-04-01,CLOSTLV,191220.0,1
2024-04-01,STOCKCH,-4962.0,1
2024-05-01,CLOSTLV,191492.0,1
2024-05-01,STOCKCH,272.0,1
2024-06-01,CLOSTLV,187863.0,1
2024-06-01,STOCKCH,-3629.0,1
2024-07-01,CLOSTLV,179867.0,1
2024-07-01,STOCKCH,-7996.0,1
2024-08-01,CLOSTLV,179478.0,1
2024-08-01,STOCKCH,-389.0,1
2024-09-01,CLOSTLV,179606.0,1
2024-09-01,STOCKCH,128.0,1
2024-10-01,CLOSTLV,173055.0,1
2024-10-01,STOCKCH,-6551.0,1
2024-11-01,CLOSTLV,181273.0,1
2024-11-01,STOCKCH,8218.0,1
2024-12-01,CLOSTLV,195365.0,1
2024-12-01,STOCKCH,14092.0,1
2025-01-01,CLOSTLV,207373.0,1
2025-01-01,STOCKCH,12008.0,1
2025-02-01,CLOSTLV,202118.0,1
2025-02-01,STOCKCH,-5255.0,1
2025-03-01,CLOSTLV,195363.0,1
2025-03-01,STOCKCH,-6755.0,1
2025-04-01,CLOSTLV,186034.0,1
2025-04-01,STOCKCH,-9329.0,1
2025-05-01,CLOSTLV,185725.0,1
2025-05-01,STOCKCH,-309.0,1
2025-06-01,CLOSTLV,189249.0,1
2025-06-01,STOCKCH,3524.0,1
2025-07-01,CLOSTLV,186148.0,1
2025-07-01,STOCKCH,-3101.0,1
2025-08-01,CLOSTLV,180371.0,1
2025-08-01,STOCKCH,-5777.0,1
2025-09-01,CLOSTLV,183941.0,1
2025-09-01,STOCKCH,3570.0,1
2025-10-01,CLOSTLV,170531.0,1
2025-10-01,STOCKCH,-13410.0,1
2025-11-01,CLOSTLV,178937.0,1
2025-11-01,STOCKCH,8406.0,1
2025-12-01,CLOSTLV,200492.0,1
2025-12-01,STOCKCH,21555.0,1
2026-01-01,CLOSTLV,211418.0,1
2026-01-01,STOCKCH,10926.0,1
2007-01-01,CLOSTLV,191308.0,1
2007-01-01,STOCKCH,15011.0,1
2007-02-01,CLOSTLV,181335.0,1
2007-02-01,STOCKCH,-9973.0,1
2007-03-01,CLOSTLV,169412.0,1
2007-03-01,STOCKCH,-11923.0,1
2007-04-01,CLOSTLV,165799.0,1
2007-04-01,STOCKCH,-3613.0,1
2007-05-01,CLOSTLV,169265.0,1
2007-05-01,STOCKCH,3466.0,1
2007-06-01,CLOSTLV,171224.0,1
2007-06-01,STOCKCH,1959.0,1
2007-07-01,CLOSTLV,172642.0,1
2007-07-01,STOCKCH,1418.0,1
2007-08-01,CLOSTLV,161439.0,1
2007-08-01,STOCKCH,-11203.0,1
2007-09-01,CLOSTLV,167344.0,1
2007-09-01,STOCKCH,5905.0,1
2007-10-01,CLOSTLV,166777.0,1
2007-10-01,STOCKCH,-567.0,1
2007-11-01,CLOSTLV,173956.0,1
2007-11-01,STOCKCH,7179.0,1
2007-12-01,CLOSTLV,184336.0,1
2007-12-01,STOCKCH,10380.0,1
2008-01-01,CLOSTLV,198188.0,1
2008-01-01,STOCKCH,13852.0,1
2008-02-01,CLOSTLV,199541.0,1
2008-02-01,STOCKCH,1353.0,1
2008-03-01,CLOSTLV,189169.0,1
2008-03-01,STOCKCH,-10372.0,1
2008-04-01,CLOSTLV,179980.0,1
2008-04-01,STOCKCH,-9189.0,1
2008-05-01,CLOSTLV,176801.0,1
2008-05-01,STOCKCH,-3179.0,1
2008-06-01,CLOSTLV,178652.0,1
2008-06-01,STOCKCH,1851.0,1
2008-07-01,CLOSTLV,173155.0,1
2008-07-01,STOCKCH,-5497.0,1
2008-08-01,CLOSTLV,165717.0,1
2008-08-01,STOCKCH,-7438.0,1
2008-09-01,CLOSTLV,160137.0,1
2008-09-01,STOCKCH,-5580.0,1
2008-10-01,CLOSTLV,163260.0,1
2008-10-01,STOCKCH,3123.0,1
2008-11-01,CLOSTLV,170800.0,1
2008-11-01,STOCKCH,7540.0,1
2008-12-01,CLOSTLV,178889.0,1
2008-12-01,STOCKCH,8089.0,1
2009-01-01,CLOSTLV,184244.0,1
2009-01-01,STOCKCH,5355.0,1
2009-02-01,CLOSTLV,184333.0,1
2009-02-01,STOCKCH,89.0,1
2009-03-01,CLOSTLV,183508.0,1
2009-03-01,STOCKCH,-825.0,1
2009-04-01,CLOSTLV,179223.0,1
2009-04-01,STOCKCH,-4285.0,1
2009-05-01,CLOSTLV,173845.0,1
2009-05-01,STOCKCH,-5378.0,1
2009-06-01,CLOSTLV,180877.0,1
2009-06-01,STOCKCH,7032.0,1
2009-07-01,CLOSTLV,178248.0,1
2009-07-01,STOCKCH,-2629.0,1
2009-08-01,CLOSTLV,173952.0,1
2009-08-01,STOCKCH,-4296.0,1
2009-09-01,CLOSTLV,181410.0,1
2009-09-01,STOCKCH,7458.0,1
2009-10-01,CLOSTLV,176186.0,1
2009-10-01,STOCKCH,-5224.0,1
2009-11-01,CLOSTLV,187028.0,1
2009-11-01,STOCKCH,10842.0,1
2009-12-01,CLOSTLV,189820.0,1
2009-12-01,STOCKCH,2792.0,1
2010-01-01,CLOSTLV,198926.0,1
2010-01-01,STOCKCH,9106.0,1
2010-02-01,CLOSTLV,199998.0,1
2010-02-01,STOCKCH,1072.0,1
2010-03-01,CLOSTLV,192739.0,1
2010-03-01,STOCKCH,-7259.0,1
2010-04-01,CLOSTLV,187569.0,1
2010-04-01,STOCKCH,-5170.0,1
2010-05-01,CLOSTLV,183845.0,1
2010-05-01,STOCKCH,-3724.0,1
2010-06-01,CLOSTLV,182354.0,1
2010-06-01,STOCKCH,-1491.0,1
2010-07-01,CLOSTLV,187826.0,1
2010-07-01,STOCKCH,5472.0,1
2010-08-01,CLOSTLV,188374.0,1
2010-08-01,STOCKCH,548.0,1
2010-09-01,CLOSTLV,187124.0,1
2010-09-01,STOCKCH,-1250.0,1
2010-10-01,CLOSTLV,178297.0,1
2010-10-01,STOCKCH,-8827.0,1
2010-11-01,CLOSTLV,181507.0,1
2010-11-01,STOCKCH,3210.0,1
2010-12-01,CLOSTLV,187954.0,1
2010-12-01,STOCKCH,6447.0,1
2011-01-01,CLOSTLV,202639.0,1
2011-01-01,STOCKCH,14685.0,1
2011-02-01,CLOSTLV,195916.0,1
2011-02-01,STOCKCH,-6723.0,1
2011-03-01,CLOSTLV,184976.0,1
2011-03-01,STOCKCH,-10940.0,1
2011-04-01,CLOSTLV,173640.0,1
2011-04-01,STOCKCH,-11336.0,1
2011-05-01,CLOSTLV,179662.0,1
2011-05-01,STOCKCH,6022.0,1
2011-06-01,CLOSTLV,181143.0,1
2011-06-01,STOCKCH,1481.0,1
2011-07-01,CLOSTLV,184784.0,1
2011-07-01,STOCKCH,3641.0,1
2011-08-01,CLOSTLV,179603.0,1
2011-08-01,STOCKCH,-5181.0,1
2011-09-01,CLOSTLV,183445.0,1
2011-09-01,STOCKCH,3842.0,1
2011-10-01,CLOSTLV,177903.0,1
2011-10-01,STOCKCH,-5542.0,1
2011-11-01,CLOSTLV,190196.0,1
2011-11-01,STOCKCH,12293.0,1
2011-12-01,CLOSTLV,190813.0,1
2011-12-01,STOCKCH,617.0,1
2012-01-01,CLOSTLV,202619.0,1
2012-01-01,STOCKCH,11806.0,1
2012-02-01,CLOSTLV,197876.0,1
2012-02-01,STOCKCH,-4743.0,1
2012-03-01,CLOSTLV,186358.0,1
2012-03-01,STOCKCH,-11518.0,1
2012-04-01,CLOSTLV,178555.0,1
2012-04-01,STOCKCH,-7803.0,1
2012-05-01,CLOSTLV,171173.0,1
2012-05-01,STOCKCH,-7382.0,1
2012-06-01,CLOSTLV,173320.0,1
2012-06-01,STOCKCH,2147.0,1
2012-07-01,CLOSTLV,176210.0,1
2012-07-01,STOCKCH,2890.0,1
2012-08-01,CLOSTLV,168495.0,1
2012-08-01,STOCKCH,-7715.0,1
2012-09-01,CLOSTLV,167210.0,1
2012-09-01,STOCKCH,-1285.0,1
2012-10-01,CLOSTLV,169934.0,1
2012-10-01,STOCKCH,2724.0,1
2012-11-01,CLOSTLV,182000.0,1
2012-11-01,STOCKCH,12066.0,1
2012-12-01,CLOSTLV,197258.0,1
2012-12-01,STOCKCH,15258.0,1
2013-01-01,CLOSTLV,199734.0,1
2013-01-01,STOCKCH,2476.0,1
2013-02-01,CLOSTLV,194070.0,1
2013-02-01,STOCKCH,-5664.0,1
2013-03-01,CLOSTLV,192916.0,1
2013-03-01,STOCKCH,-1154.0,1
2013-04-01,CLOSTLV,187431.0,1
2013-04-01,STOCKCH,-5485.0,1
2013-05-01,CLOSTLV,186915.0,1
2013-05-01,STOCKCH,-516.0,1
2013-06-01,CLOSTLV,190885.0,1
2013-06-01,STOCKCH,3970.0,1
2013-07-01,CLOSTLV,188186.0,1
2013-07-01,STOCKCH,-2699.0,1
2013-08-01,CLOSTLV,183734.0,1
2013-08-01,STOCKCH,-4452.0,1
2013-09-01,CLOSTLV,186964.0,1
2013-09-01,STOCKCH,3230.0,1
2013-10-01,CLOSTLV,181913.0,1
2013-10-01,STOCKCH,-5051.0,1
2013-11-01,CLOSTLV,185496.0,1
2013-11-01,STOCKCH,3583.0,1
2013-12-01,CLOSTLV,194435.0,1
2013-12-01,STOCKCH,8939.0,1
2014-01-01,CLOSTLV,188267.0,1
2014-01-01,STOCKCH,10159.0,1
2014-02-01,CLOSTLV,180392.0,1
2014-02-01,STOCKCH,-7875.0,1
2014-03-01,CLOSTLV,174567.0,1
2014-03-01,STOCKCH,-5825.0,1
2014-04-01,CLOSTLV,168873.0,1
2014-04-01,STOCKCH,-5694.0,1
2014-05-01,CLOSTLV,170971.0,1
2014-05-01,STOCKCH,2098.0,1
2014-06-01,CLOSTLV,169926.0,1
2014-06-01,STOCKCH,-1045.0,1
2014-07-01,CLOSTLV,169891.0,1
2014-07-01,STOCKCH,-35.0,1
2014-08-01,CLOSTLV,164439.0,1
2014-08-01,STOCKCH,-5452.0,1
2014-09-01,CLOSTLV,167009.0,1
2014-09-01,STOCKCH,2570.0,1
2014-10-01,CLOSTLV,157214.0,1
2014-10-01,STOCKCH,-9795.0,1
2014-11-01,CLOSTLV,172491.0,1
2014-11-01,STOCKCH,15277.0,1
2014-12-01,CLOSTLV,191774.0,1
2014-12-01,STOCKCH,19283.0,1
2015-01-01,CLOSTLV,194906.0,1
2015-01-01,STOCKCH,3132.0,1
2015-02-01,CLOSTLV,194653.0,1
2015-02-01,STOCKCH,-253.0,1
2015-03-01,CLOSTLV,185387.0,1
2015-03-01,STOCKCH,-9266.0,1
2015-04-01,CLOSTLV,181601.0,1
2015-04-01,STOCKCH,-3786.0,1
2015-05-01,CLOSTLV,175029.0,1
2015-05-01,STOCKCH,-6572.0,1
2015-06-01,CLOSTLV,172922.0,1
2015-06-01,STOCKCH,-2107.0,1
2015-07-01,CLOSTLV,170090.0,1
2015-07-01,STOCKCH,-2832.0,1
2015-08-01,CLOSTLV,169543.0,1
2015-08-01,STOCKCH,-547.0,1
2015-09-01,CLOSTLV,177523.0,1
2015-09-01,STOCKCH,7980.0,1
2015-10-01,CLOSTLV,170755.0,1
2015-10-01,STOCKCH,-6768.0,1
2015-11-01,CLOSTLV,174764.0,1
2015-11-01,STOCKCH,4009.0,1
2015-12-01,CLOSTLV,186280.0,1
2015-12-01,STOCKCH,11516.0,1
2016-01-01,CLOSTLV,212176.0,1
2016-01-01,STOCKCH,22440.0,1
2016-02-01,CLOSTLV,209554.0,1
2016-02-01,STOCKCH,-2622.0,1
2016-03-01,CLOSTLV,201935.0,1
2016-03-01,STOCKCH,-7619.0,1
2016-04-01,CLOSTLV,199015.0,1
2016-04-01,STOCKCH,-2920.0,1
2016-05-01,CLOSTLV,199352.0,1
2016-05-01,STOCKCH,337.0,1
2016-06-01,CLOSTLV,197753.0,1
2016-06-01,STOCKCH,-1599.0,1
2016-07-01,CLOSTLV,198665.0,1
2016-07-01,STOCKCH,912.0,1
2016-08-01,CLOSTLV,189214.0,1
2016-08-01,STOCKCH,-9451.0,1
2016-09-01,CLOSTLV,187458.0,1
2016-09-01,STOCKCH,-1756.0,1
2016-10-01,CLOSTLV,185744.0,1
2016-10-01,STOCKCH,-1714.0,1
2016-11-01,CLOSTLV,193526.0,1
2016-11-01,STOCKCH,7782.0,1
2016-12-01,CLOSTLV,194664.0,1
2016-12-01,STOCKCH,1138.0,1
2017-01-01,CLOSTLV,216910.0,1
2017-01-01,STOCKCH,22246.0,1
2017-02-01,CLOSTLV,213921.0,1
2017-02-01,STOCKCH,-2989.0,1
2017-03-01,CLOSTLV,201699.0,1
2017-03-01,STOCKCH,-12222.0,1
2017-04-01,CLOSTLV,202801.0,1
2017-04-01,STOCKCH,1102.0,1
2017-05-01,CLOSTLV,199515.0,1
2017-05-01,STOCKCH,-3286.0,1
2017-06-01,CLOSTLV,194673.0,1
2017-06-01,STOCKCH,-4842.0,1
2017-07-01,CLOSTLV,189653.0,1
2017-07-01,STOCKCH,-5020.0,1
2017-08-01,CLOSTLV,184327.0,1
2017-08-01,STOCKCH,-5326.0,1
2017-09-01,CLOSTLV,181873.0,1
2017-09-01,STOCKCH,-2454.0,1
2017-10-01,CLOSTLV,177080.0,1
2017-10-01,STOCKCH,-4793.0,1
2017-11-01,CLOSTLV,183417.0,1
2017-11-01,STOCKCH,6337.0,1
2017-12-01,CLOSTLV,195389.0,1
2017-12-01,STOCKCH,11972.0,1
2018-01-01,CLOSTLV,205646.0,1
2018-01-01,STOCKCH,10257.0,1
2018-02-01,CLOSTLV,211092.0,1
2018-02-01,STOCKCH,5446.0,1
2018-03-01,CLOSTLV,203125.0,1
2018-03-01,STOCKCH,-7967.0,1
2018-04-01,CLOSTLV,197687.0,1
2018-04-01,STOCKCH,-5438.0,1
2018-05-01,CLOSTLV,199185.0,1
2018-05-01,STOCKCH,1498.0,1
2018-06-01,CLOSTLV,197634.0,1
2018-06-01,STOCKCH,-1551.0,1
2018-07-01,CLOSTLV,191719.0,1
2018-07-01,STOCKCH,-5915.0,1
2018-08-01,CLOSTLV,192698.0,1
2018-08-01,STOCKCH,979.0,1
2018-09-01,CLOSTLV,198246.0,1
2018-09-01,STOCKCH,5548.0,1
2018-10-01,CLOSTLV,191373.0,1
2018-10-01,STOCKCH,-6873.0,1
2018-11-01,CLOSTLV,188121.0,1
2018-11-01,STOCKCH,-3252.0,1
2018-12-01,CLOSTLV,201938.0,1
2018-12-01,STOCKCH,13817.0,1
2019-01-01,CLOSTLV,218462.0,1
2019-01-01,STOCKCH,16524.0,1
2019-02-01,CLOSTLV,209919.0,1
2019-02-01,STOCKCH,-8543.0,1
2019-03-01,CLOSTLV,197661.0,1
2019-03-01,STOCKCH,-12258.0,1
2019-04-01,CLOSTLV,188162.0,1
2019-04-01,STOCKCH,-9499.0,1
2019-05-01,CLOSTLV,192071.0,1
2019-05-01,STOCKCH,3909.0,1
2019-06-01,CLOSTLV,187882.0,1
2019-06-01,STOCKCH,-4189.0,1
2019-07-01,CLOSTLV,190302.0,1
2019-07-01,STOCKCH,2420.0,1
2019-08-01,CLOSTLV,184888.0,1
2019-08-01,STOCKCH,-5414.0,1
2019-09-01,CLOSTLV,187170.0,1
2019-09-01,STOCKCH,2282.0,1
2019-10-01,CLOSTLV,183007.0,1
2019-10-01,STOCKCH,-4163.0,1
2019-11-01,CLOSTLV,191113.0,1
2019-11-01,STOCKCH,8106.0,1
2019-12-01,CLOSTLV,208401.0,1
2019-12-01,STOCKCH,17288.0,1
2020-01-01,CLOSTLV,218369.0,1
2020-01-01,STOCKCH,9968.0,1
2020-02-01,CLOSTLV,208892.0,1
2020-02-01,STOCKCH,-9477.0,1
2020-03-01,CLOSTLV,222572.0,1
2020-03-01,STOCKCH,13680.0,1
2020-04-01,CLOSTLV,218561.0,1
2020-04-01,STOCKCH,-4011.0,1
2020-05-01,CLOSTLV,215385.0,1
2020-05-01,STOCKCH,-3176.0,1
2020-06-01,CLOSTLV,211587.0,1
2020-06-01,STOCKCH,-3798.0,1
2020-07-01,CLOSTLV,205001.0,1
2020-07-01,STOCKCH,-6586.0,1
2020-08-01,CLOSTLV,193064.0,1
2020-08-01,STOCKCH,-11937.0,1
2020-09-01,CLOSTLV,187494.0,1
2020-09-01,STOCKCH,-5570.0,1
2020-10-01,CLOSTLV,187170.0,1
2020-10-01,STOCKCH,-324.0,1
2020-11-01,CLOSTLV,200220.0,1
2020-11-01,STOCKCH,13050.0,1
2020-12-01,CLOSTLV,201415.0,1
2020-12-01,STOCKCH,1195.0,1
2021-01-01,CLOSTLV,214430.0,1
2021-01-01,STOCKCH,13015.0,1
2021-02-01,CLOSTLV,201225.0,1
2021-02-01,STOCKCH,-13205.0,1
2021-03-01,CLOSTLV,198182.0,1
2021-03-01,STOCKCH,-3043.0,1
2021-04-01,CLOSTLV,197735.0,1
2021-04-01,STOCKCH,-447.0,1
2021-05-01,CLOSTLV,195060.0,1
2021-05-01,STOCKCH,-2675.0,1
2021-06-01,CLOSTLV,190818.0,1
2021-06-01,STOCKCH,-4242.0,1
2021-07-01,CLOSTLV,188824.0,1
2021-07-01,STOCKCH,-1994.0,1
2021-08-01,CLOSTLV,183134.0,1
2021-08-01,STOCKCH,-5690.0,1
2021-09-01,CLOSTLV,186382.0,1
2021-09-01,STOCKCH,3248.0,1
2021-10-01,CLOSTLV,177524.0,1
2021-10-01,STOCKCH,-8858.0,1
2021-11-01,CLOSTLV,180585.0,1
2021-11-01,STOCKCH,3061.0,1
2021-12-01,CLOSTLV,190255.0,1
2021-12-01,STOCKCH,9670.0,1
2022-01-01,CLOSTLV,209300.0,1
2022-01-01,STOCKCH,19045.0,1
2022-02-01,CLOSTLV,206285.0,1
2022-02-01,STOCKCH,-3015.0,1
2022-03-01,CLOSTLV,198119.0,1
2022-03-01,STOCKCH,-8166.0,1
2022-04-01,CLOSTLV,186985.0,1
2022-04-01,STOCKCH,-11134.0,1
2022-05-01,CLOSTLV,177977.0,1
2022-05-01,STOCKCH,-9008.0,1
2022-06-01,CLOSTLV,177966.0,1
2022-06-01,STOCKCH,-11.0,1
2022-07-01,CLOSTLV,181389.0,1
2022-07-01,STOCKCH,3423.0,1
2022-08-01,CLOSTLV,171770.0,1
2022-08-01,STOCKCH,-9619.0,1
2022-09-01,CLOSTLV,167243.0,1
2022-09-01,STOCKCH,-4527.0,1
2022-10-01,CLOSTLV,171699.0,1
2022-10-01,STOCKCH,4456.0,1
2022-11-01,CLOSTLV,179383.0,1
2022-11-01,STOCKCH,7684.0,1
2022-12-01,CLOSTLV,181617.0,1
2022-12-01,STOCKCH,2234.0,1
2023-01-01,CLOSTLV,197194.0,1
2023-01-01,STOCKCH,15577.0,1
2023-02-01,CLOSTLV,199942.0,1
2023-02-01,STOCKCH,2748.0,1
2023-03-01,CLOSTLV,187343.0,1
2023-03-01,STOCKCH,-12599.0,1
2023-04-01,CLOSTLV,181730.0,1
2023-04-01,STOCKCH,-5613.0,1
2023-05-01,CLOSTLV,179234.0,1
2023-05-01,STOCKCH,-2496.0,1
2023-06-01,CLOSTLV,179171.0,1
2023-06-01,STOCKCH,-63.0,1
2023-07-01,CLOSTLV,180323.0,1
2023-07-01,STOCKCH,1152.0,1
2023-08-01,CLOSTLV,176449.0,1
2023-08-01,STOCKCH,-3874.0,1
2023-09-01,CLOSTLV,183811.0,1
2023-09-01,STOCKCH,7362.0,1
2023-10-01,CLOSTLV,178383.0,1
2023-10-01,STOCKCH,-5428.0,1
2023-11-01,CLOSTLV,183055.0,1
2023-11-01,STOCKCH,4672.0,1
2023-12-01,CLOSTLV,199405.0,1
2023-12-01,STOCKCH,16350.0,1
2024-01-01,IPTRANSF,6949.0,1
2024-01-01,RECEIPTS,25153.0,1
2024-01-01,REFGROUT,252347.0,1
2024-01-01,STATDIFF,3018.0,3
2024-01-01,TOTDEMO,256274.0,1
2024-01-01,TOTEXPSB,31825.0,1
2024-01-01,TOTIMPSB,16541.0,1
2024-02-01,IPTRANSF,6977.0,1
2024-02-01,RECEIPTS,25532.0,1
2024-02-01,REFGROUT,215293.0,1
2024-02-01,STATDIFF,203.0,3
2024-02-01,TOTDEMO,250501.0,1
2024-02-01,TOTEXPSB,24624.0,1
2024-02-01,TOTIMPSB,17310.0,1
2024-03-01,IPTRANSF,7073.0,1
2024-03-01,RECEIPTS,27516.0,1
2024-03-01,REFGROUT,245638.0,1
2024-03-01,STATDIFF,-1602.0,3
2024-03-01,TOTDEMO,276488.0,1
2024-03-01,TOTEXPSB,27131.0,1
2024-03-01,TOTIMPSB,18910.0,1
2024-04-01,IPTRANSF,5402.0,1
2024-04-01,RECEIPTS,25279.0,1
2024-04-01,REFGROUT,236498.0,1
2024-04-01,STATDIFF,6843.0,3
2024-04-01,TOTDEMO,266009.0,1
2024-04-01,TOTEXPSB,24595.0,1
2024-04-01,TOTIMPSB,25306.0,1
2024-05-01,IPTRANSF,4639.0,1
2024-05-01,RECEIPTS,30148.0,1
2024-05-01,REFGROUT,253380.0,1
2024-05-01,STATDIFF,-2662.0,3
2024-05-01,TOTDEMO,292314.0,1
2024-05-01,TOTEXPSB,26103.0,1
2024-05-01,TOTIMPSB,27860.0,1
2024-06-01,IPTRANSF,4152.0,1
2024-06-01,RECEIPTS,27030.0,1
2024-06-01,REFGROUT,245515.0,1
2024-06-01,STATDIFF,7000.0,3
2024-06-01,TOTDEMO,274785.0,1
2024-06-01,TOTEXPSB,26477.0,1
2024-06-01,TOTIMPSB,27936.0,1
2024-07-01,IPTRANSF,4090.0,1
2024-07-01,RECEIPTS,29094.0,1
2024-07-01,REFGROUT,247784.0,1
2024-07-01,STATDIFF,-376.0,3
2024-07-01,TOTDEMO,289398.0,1
2024-07-01,TOTEXPSB,25516.0,1
2024-07-01,TOTIMPSB,25574.0,1
2024-08-01,IPTRANSF,4814.0,1
2024-08-01,RECEIPTS,28989.0,1
2024-08-01,REFGROUT,254402.0,1
2024-08-01,STATDIFF,-2502.0,3
2024-08-01,TOTDEMO,288136.0,1
2024-08-01,TOTEXPSB,26286.0,1
2024-08-01,TOTIMPSB,23326.0,1
2024-09-01,IPTRANSF,7125.0,1
2024-09-01,RECEIPTS,27284.0,1
2024-09-01,REFGROUT,241268.0,1
2024-09-01,STATDIFF,1410.0,3
2024-09-01,TOTDEMO,270917.0,1
2024-09-01,TOTEXPSB,23380.0,1
2024-09-01,TOTIMPSB,20158.0,1
2024-10-01,IPTRANSF,8784.0,1
2024-10-01,RECEIPTS,29947.0,1
2024-10-01,REFGROUT,252481.0,1
2024-10-01,STATDIFF,4233.0,3
2024-10-01,TOTDEMO,282230.0,1
2024-10-01,TOTEXPSB,26470.0,1
2024-10-01,TOTIMPSB,15170.0,1
2024-11-01,IPTRANSF,7982.0,1
2024-11-01,RECEIPTS,27477.0,1
2024-11-01,REFGROUT,256164.0,1
2024-11-01,STATDIFF,3263.0,3
2024-11-01,TOTDEMO,265304.0,1
2024-11-01,TOTEXPSB,31265.0,1
2024-11-01,TOTIMPSB,16427.0,1
2024-12-01,IPTRANSF,6843.0,1
2024-12-01,RECEIPTS,27659.0,1
2024-12-01,REFGROUT,271554.0,1
2024-12-01,STATDIFF,5852.0,3
2024-12-01,TOTDEMO,273554.0,1
2024-12-01,TOTEXPSB,34530.0,1
2024-12-01,TOTIMPSB,21972.0,1
2025-01-01,IPTRANSF,5206.0,1
2025-01-01,RECEIPTS,26713.0,1
2025-01-01,REFGROUT,255807.0,1
2025-01-01,STATDIFF,1789.0,3
2025-01-01,TOTDEMO,263954.0,1
2025-01-01,TOTEXPSB,26371.0,1
2025-01-01,TOTIMPSB,16396.0,1
2025-02-01,IPTRANSF,3976.0,1
2025-02-01,RECEIPTS,24843.0,1
2025-02-01,REFGROUT,219347.0,1
2025-02-01,STATDIFF,-267.0,3
2025-02-01,TOTDEMO,244111.0,1
2025-02-01,TOTEXPSB,24578.0,1
2025-02-01,TOTIMPSB,15001.0,1
2025-03-01,IPTRANSF,4229.0,1
2025-03-01,RECEIPTS,27280.0,1
2025-03-01,REFGROUT,239528.0,1
2025-03-01,STATDIFF,-326.0,3
2025-03-01,TOTDEMO,272740.0,1
2025-03-01,TOTEXPSB,29159.0,1
2025-03-01,TOTIMPSB,23781.0,1
2025-04-01,IPTRANSF,5979.0,1
2025-04-01,RECEIPTS,27859.0,1
2025-04-01,REFGROUT,231144.0,1
2025-04-01,STATDIFF,5604.0,3
2025-04-01,TOTDEMO,268311.0,1
2025-04-01,TOTEXPSB,23556.0,1
2025-04-01,TOTIMPSB,23160.0,1
2025-05-01,IPTRANSF,4586.0,1
2025-05-01,RECEIPTS,27635.0,1
2025-05-01,REFGROUT,250443.0,1
2025-05-01,STATDIFF,1813.0,3
2025-05-01,TOTDEMO,281909.0,1
2025-05-01,TOTEXPSB,25650.0,1
2025-05-01,TOTIMPSB,26399.0,1
2025-06-01,IPTRANSF,4259.0,1
2025-06-01,RECEIPTS,28549.0,1
2025-06-01,REFGROUT,248068.0,1
2025-06-01,STATDIFF,775.0,3
2025-06-01,TOTDEMO,278941.0,1
2025-06-01,TOTEXPSB,27230.0,1
2025-06-01,TOTIMPSB,29594.0,1
2025-07-01,IPTRANSF,4565.0,1
2025-07-01,RECEIPTS,28992.0,1
2025-07-01,REFGROUT,254168.0,1
2025-07-01,STATDIFF,-596.0,3
2025-07-01,TOTDEMO,284938.0,1
2025-07-01,TOTEXPSB,27459.0,1
2025-07-01,TOTIMPSB,20975.0,1
2025-08-01,IPTRANSF,4820.0,1
2025-08-01,RECEIPTS,29388.0,1
2025-08-01,REFGROUT,250005.0,1
2025-08-01,STATDIFF,-994.0,3
2025-08-01,TOTDEMO,286743.0,1
2025-08-01,TOTEXPSB,27459.0,1
2025-08-01,TOTIMPSB,23218.0,1
2025-09-01,IPTRANSF,7404.0,1
2025-09-01,RECEIPTS,26378.0,1
2025-09-01,REFGROUT,246246.0,1
2025-09-01,STATDIFF,-108.0,3
2025-09-01,TOTDEMO,269749.0,1
2025-09-01,TOTEXPSB,25764.0,1
2025-09-01,TOTIMPSB,18947.0,1
2025-10-01,IPTRANSF,8533.0,1
2025-10-01,RECEIPTS,30103.0,1
2025-10-01,REFGROUT,239967.0,1
2025-10-01,STATDIFF,2615.0,3
2025-10-01,TOTDEMO,280716.0,1
2025-10-01,TOTEXPSB,25997.0,1
2025-10-01,TOTIMPSB,17315.0,1
2025-11-01,IPTRANSF,8566.0,1
2025-11-01,RECEIPTS,31459.0,1
2025-11-01,REFGROUT,256601.0,1
2025-11-01,STATDIFF,13914.0,3
2025-11-01,TOTDEMO,261617.0,1
2025-11-01,TOTEXPSB,30077.0,1
2025-11-01,TOTIMPSB,17388.0,1
2025-12-01,IPTRANSF,7385.0,1
2025-12-01,RECEIPTS,29129.0,1
2025-12-01,REFGROUT,277164.0,1
2025-12-01,STATDIFF,5510.0,3
2025-12-01,TOTDEMO,273251.0,1
2025-12-01,TOTEXPSB,34688.0,1
2025-12-01,TOTIMPSB,21326.0,1
2026-01-01,REFGROUT,276873.0,2
2026-01-01,STATDIFF,1176.0,3
2026-01-01,TOTDEMO,242478.0,1
2026-01-01,TOTEXPSB,34901.0,2
2026-01-01,TOTIMPSB,12608.0,2
2007-01-01,REFGROUT,257231.0,1
2007-01-01,TOTDEMO,277861.0,1
2007-01-01,TOTEXPSB,3597.0,1
2007-01-01,TOTIMPSB,31781.0,1
2007-02-01,REFGROUT,224334.0,1
2007-02-01,TOTDEMO,254362.0,1
2007-02-01,TOTEXPSB,5491.0,1
2007-02-01,TOTIMPSB,27083.0,1
2007-03-01,REFGROUT,251393.0,1
2007-03-01,TOTDEMO,287613.0,1
2007-03-01,TOTEXPSB,5634.0,1
2007-03-01,TOTIMPSB,33564.0,1
2007-04-01,REFGROUT,243526.0,1
2007-04-01,TOTDEMO,278543.0,1
2007-04-01,TOTEXPSB,3819.0,1
2007-04-01,TOTIMPSB,38569.0,1
2007-05-01,REFGROUT,263177.0,1
2007-05-01,TOTDEMO,295128.0,1
2007-05-01,TOTEXPSB,3624.0,1
2007-05-01,TOTIMPSB,45856.0,1
2007-06-01,REFGROUT,261168.0,1
2007-06-01,TOTDEMO,287335.0,1
2007-06-01,TOTEXPSB,3052.0,1
2007-06-01,TOTIMPSB,39337.0,1
2007-07-01,REFGROUT,263818.0,1
2007-07-01,TOTDEMO,301283.0,1
2007-07-01,TOTEXPSB,3193.0,1
2007-07-01,TOTIMPSB,40706.0,1
2007-08-01,REFGROUT,265174.0,1
2007-08-01,TOTDEMO,299833.0,1
2007-08-01,TOTEXPSB,4578.0,1
2007-08-01,TOTIMPSB,33950.0,1
2007-09-01,REFGROUT,249901.0,1
2007-09-01,TOTDEMO,279860.0,1
2007-09-01,TOTEXPSB,2794.0,1
2007-09-01,TOTIMPSB,35933.0,1
2007-10-01,REFGROUT,256845.0,1
2007-10-01,TOTDEMO,289466.0,1
2007-10-01,TOTEXPSB,4249.0,1
2007-10-01,TOTIMPSB,33235.0,1
2007-11-01,REFGROUT,250962.0,1
2007-11-01,TOTDEMO,279378.0,1
2007-11-01,TOTEXPSB,5387.0,1
2007-11-01,TOTIMPSB,30230.0,1
2007-12-01,REFGROUT,263865.0,1
2007-12-01,TOTDEMO,288763.0,1
2007-12-01,TOTEXPSB,6984.0,1
2007-12-01,TOTIMPSB,32394.0,1
2008-01-01,REFGROUT,264409.0,1
2008-01-01,TOTDEMO,275031.0,1
2008-01-01,TOTEXPSB,5494.0,1
2008-01-01,TOTIMPSB,31552.0,1
2008-02-01,REFGROUT,246664.0,1
2008-02-01,TOTDEMO,258848.0,1
2008-02-01,TOTEXPSB,6296.0,1
2008-02-01,TOTIMPSB,29369.0,1
2008-03-01,REFGROUT,260054.0,1
2008-03-01,TOTDEMO,283537.0,1
2008-03-01,TOTEXPSB,6385.0,1
2008-03-01,TOTIMPSB,28541.0,1
2008-04-01,REFGROUT,257236.0,1
2008-04-01,TOTDEMO,275050.0,1
2008-04-01,TOTEXPSB,6470.0,1
2008-04-01,TOTIMPSB,35718.0,1
2008-05-01,REFGROUT,270316.0,1
2008-05-01,TOTDEMO,289051.0,1
2008-05-01,TOTEXPSB,5972.0,1
2008-05-01,TOTIMPSB,38870.0,1
2008-06-01,REFGROUT,257436.0,1
2008-06-01,TOTDEMO,275350.0,1
2008-06-01,TOTEXPSB,6615.0,1
2008-06-01,TOTIMPSB,40593.0,1
2008-07-01,REFGROUT,264810.0,1
2008-07-01,TOTDEMO,285649.0,1
2008-07-01,TOTEXPSB,7764.0,1
2008-07-01,TOTIMPSB,34295.0,1
2008-08-01,REFGROUT,264229.0,1
2008-08-01,TOTDEMO,285401.0,1
2008-08-01,TOTEXPSB,4662.0,1
2008-08-01,TOTIMPSB,30997.0,1
2008-09-01,REFGROUT,236102.0,1
2008-09-01,TOTDEMO,256761.0,1
2008-09-01,TOTEXPSB,3649.0,1
2008-09-01,TOTIMPSB,34337.0,1
2008-10-01,REFGROUT,275963.0,1
2008-10-01,TOTDEMO,281991.0,1
2008-10-01,TOTEXPSB,4859.0,1
2008-10-01,TOTIMPSB,32880.0,1
2008-11-01,REFGROUT,262111.0,1
2008-11-01,TOTDEMO,269174.0,1
2008-11-01,TOTEXPSB,4422.0,1
2008-11-01,TOTIMPSB,28370.0,1
2008-12-01,REFGROUT,274849.0,1
2008-12-01,TOTDEMO,278488.0,1
2008-12-01,TOTEXPSB,6512.0,1
2008-12-01,TOTIMPSB,33528.0,1
2009-01-01,PTRANSF,18393.0,1
2009-01-01,RECEIPTS,2120.0,1
2009-01-01,REFGROUT,262277.0,1
2009-01-01,STATDIFF,-351.0,3
2009-01-01,TOTDEMO,269174.0,1
2009-01-01,TOTEXPSB,5548.0,1
2009-01-01,TOTIMPSB,33722.0,1
2009-02-01,PTRANSF,16868.0,1
2009-02-01,RECEIPTS,175.0,1
2009-02-01,REFGROUT,236291.0,1
2009-02-01,STATDIFF,-3989.0,3
2009-02-01,TOTDEMO,248917.0,1
2009-02-01,TOTEXPSB,5312.0,1
2009-02-01,TOTIMPSB,30731.0,1
2009-03-01,PTRANSF,24180.0,1
2009-03-01,RECEIPTS,576.0,1
2009-03-01,REFGROUT,269145.0,1
2009-03-01,STATDIFF,-1201.0,3
2009-03-01,TOTDEMO,278344.0,1
2009-03-01,TOTEXPSB,4770.0,1
2009-03-01,TOTIMPSB,35547.0,1
2009-04-01,PTRANSF,24114.0,1
2009-04-01,RECEIPTS,1213.0,1
2009-04-01,REFGROUT,263166.0,1
2009-04-01,STATDIFF,-3299.0,3
2009-04-01,TOTDEMO,272464.0,1
2009-04-01,TOTEXPSB,4225.0,1
2009-04-01,TOTIMPSB,28840.0,1
2009-05-01,PTRANSF,18898.0,1
2009-05-01,RECEIPTS,2425.0,1
2009-05-01,REFGROUT,271335.0,1
2009-05-01,STATDIFF,-2850.0,3
2009-05-01,TOTDEMO,283610.0,1
2009-05-01,TOTEXPSB,6917.0,1
2009-05-01,TOTIMPSB,27437.0,1
2009-06-01,PTRANSF,11752.0,1
2009-06-01,RECEIPTS,1155.0,1
2009-06-01,REFGROUT,271866.0,1
2009-06-01,STATDIFF,872.0,3
2009-06-01,TOTDEMO,277342.0,1
2009-06-01,TOTEXPSB,6439.0,1
2009-06-01,TOTIMPSB,30416.0,1
2009-07-01,PTRANSF,14081.0,1
2009-07-01,RECEIPTS,2376.0,1
2009-07-01,REFGROUT,276508.0,1
2009-07-01,STATDIFF,-1299.0,3
2009-07-01,TOTDEMO,289114.0,1
2009-07-01,TOTEXPSB,7941.0,1
2009-07-01,TOTIMPSB,28324.0,1
2009-08-01,PTRANSF,14108.0,1
2009-08-01,RECEIPTS,1483.0,1
2009-08-01,REFGROUT,271934.0,1
2009-08-01,STATDIFF,-2850.0,3
2009-08-01,TOTDEMO,290259.0,1
2009-08-01,TOTEXPSB,5333.0,1
2009-08-01,TOTIMPSB,29137.0,1
2009-09-01,PTRANSF,9491.0,1
2009-09-01,RECEIPTS,910.0,1
2009-09-01,REFGROUT,263773.0,1
2009-09-01,STATDIFF,-3312.0,3
2009-09-01,TOTDEMO,269198.0,1
2009-09-01,TOTEXPSB,6205.0,1
2009-09-01,TOTIMPSB,24357.0,1
2009-10-01,PTRANSF,15618.0,1
2009-10-01,RECEIPTS,1301.0,1
2009-10-01,REFGROUT,271793.0,1
2009-10-01,STATDIFF,32.0,3
2009-10-01,TOTDEMO,280706.0,1
2009-10-01,TOTEXPSB,7641.0,1
2009-10-01,TOTIMPSB,25679.0,1
2009-11-01,PTRANSF,10621.0,1
2009-11-01,RECEIPTS,2510.0,1
2009-11-01,REFGROUT,267160.0,1
2009-11-01,STATDIFF,-3875.0,3
2009-11-01,TOTDEMO,269016.0,1
2009-11-01,TOTEXPSB,6192.0,1
2009-11-01,TOTIMPSB,23126.0,1
2009-12-01,PTRANSF,15514.0,1
2009-12-01,RECEIPTS,1176.0,1
2009-12-01,REFGROUT,278950.0,1
2009-12-01,STATDIFF,-1212.0,3
2009-12-01,TOTDEMO,278609.0,1
2009-12-01,TOTEXPSB,10211.0,1
2009-12-01,TOTIMPSB,25788.0,1
2010-01-01,PTRANSF,6467.0,1
2010-01-01,RECEIPTS,2905.0,1
2010-01-01,REFGROUT,258538.0,1
2010-01-01,STATDIFF,-626.0,3
2010-01-01,TOTDEMO,265545.0,1
2010-01-01,TOTEXPSB,7539.0,1
2010-01-01,TOTIMPSB,26588.0,1
2010-02-01,PTRANSF,11517.0,1
2010-02-01,RECEIPTS,1905.0,1
2010-02-01,REFGROUT,238017.0,1
2010-02-01,STATDIFF,344.0,3
2010-02-01,TOTDEMO,241584.0,1
2010-02-01,TOTEXPSB,7815.0,1
2010-02-01,TOTIMPSB,22410.0,1
2010-03-01,PTRANSF,24268.0,1
2010-03-01,RECEIPTS,2098.0,1
2010-03-01,REFGROUT,276620.0,1
2010-03-01,STATDIFF,-3156.0,3
2010-03-01,TOTDEMO,274655.0,1
2010-03-01,TOTEXPSB,11900.0,1
2010-03-01,TOTIMPSB,21690.0,1
2010-04-01,PTRANSF,22969.0,1
2010-04-01,RECEIPTS,1728.0,1
2010-04-01,REFGROUT,272032.0,1
2010-04-01,STATDIFF,-447.0,3
2010-04-01,TOTDEMO,274721.0,1
2010-04-01,TOTEXPSB,11213.0,1
2010-04-01,TOTIMPSB,29526.0,1
2010-05-01,PTRANSF,21639.0,1
2010-05-01,RECEIPTS,1955.0,1
2010-05-01,REFGROUT,281176.0,1
2010-05-01,STATDIFF,180.0,3
2010-05-01,TOTDEMO,285929.0,1
2010-05-01,TOTEXPSB,7227.0,1
2010-05-01,TOTIMPSB,28120.0,1
2010-06-01,PTRANSF,19319.0,1
2010-06-01,RECEIPTS,2937.0,1
2010-06-01,REFGROUT,275509.0,1
2010-06-01,STATDIFF,-1550.0,3
2010-06-01,TOTDEMO,281119.0,1
2010-06-01,TOTEXPSB,10329.0,1
2010-06-01,TOTIMPSB,29280.0,1
2010-07-01,PTRANSF,25742.0,1
2010-07-01,RECEIPTS,2301.0,1
2010-07-01,REFGROUT,294981.0,1
2010-07-01,STATDIFF,-294.0,3
2010-07-01,TOTDEMO,290181.0,1
2010-07-01,TOTEXPSB,9861.0,1
2010-07-01,TOTIMPSB,33680.0,1
2010-08-01,PTRANSF,29545.0,1
2010-08-01,RECEIPTS,2449.0,1
2010-08-01,REFGROUT,292409.0,1
2010-08-01,STATDIFF,2225.0,3
2010-08-01,TOTDEMO,288736.0,1
2010-08-01,TOTEXPSB,8317.0,1
2010-08-01,TOTIMPSB,34513.0,1
2010-09-01,PTRANSF,22688.0,1
2010-09-01,RECEIPTS,2323.0,1
2010-09-01,REFGROUT,274338.0,1
2010-09-01,STATDIFF,-6.0,3
2010-09-01,TOTDEMO,275113.0,1
2010-09-01,TOTEXPSB,7471.0,1
2010-09-01,TOTIMPSB,27355.0,1
2010-10-01,PTRANSF,28677.0,1
2010-10-01,RECEIPTS,2603.0,1
2010-10-01,REFGROUT,281417.0,1
2010-10-01,STATDIFF,-87.0,3
2010-10-01,TOTDEMO,281530.0,1
2010-10-01,TOTEXPSB,9917.0,1
2010-10-01,TOTIMPSB,27190.0,1
2010-11-01,PTRANSF,16367.0,1
2010-11-01,RECEIPTS,3091.0,1
2010-11-01,REFGROUT,274648.0,1
2010-11-01,STATDIFF,1006.0,3
2010-11-01,TOTDEMO,266135.0,1
2010-11-01,TOTEXPSB,13723.0,1
2010-11-01,TOTIMPSB,22702.0,1
2010-12-01,PTRANSF,11769.0,1
2010-12-01,RECEIPTS,3550.0,1
2010-12-01,REFGROUT,287426.0,1
2010-12-01,STATDIFF,1067.0,3
2010-12-01,TOTDEMO,277681.0,1
2010-12-01,TOTEXPSB,17107.0,1
2010-12-01,TOTIMPSB,23095.0,1
2011-01-01,PTRANSF,5920.0,1
2011-01-01,RECEIPTS,1116.0,1
2011-01-01,REFGROUT,269323.0,1
2011-01-01,STATDIFF,1124.0,3
2011-01-01,TOTDEMO,261039.0,1
2011-01-01,TOTEXPSB,14865.0,1
2011-01-01,TOTIMPSB,27194.0,1
2011-02-01,PTRANSF,21529.0,1
2011-02-01,RECEIPTS,1746.0,1
2011-02-01,REFGROUT,246542.0,1
2011-02-01,STATDIFF,1301.0,3
2011-02-01,TOTDEMO,242356.0,1
2011-02-01,TOTEXPSB,12879.0,1
2011-02-01,TOTIMPSB,23054.0,1
2011-03-01,PTRANSF,26131.0,1
2011-03-01,RECEIPTS,606.0,1
2011-03-01,REFGROUT,274012.0,1
2011-03-01,STATDIFF,-6876.0,3
2011-03-01,TOTDEMO,274917.0,1
2011-03-01,TOTEXPSB,15750.0,1
2011-03-01,TOTIMPSB,24364.0,1
2011-04-01,PTRANSF,29049.0,1
2011-04-01,RECEIPTS,46.0,1
2011-04-01,REFGROUT,268379.0,1
2011-04-01,STATDIFF,-708.0,3
2011-04-01,TOTDEMO,265145.0,1
2011-04-01,TOTEXPSB,16470.0,1
2011-04-01,TOTIMPSB,30195.0,1
2011-05-01,PTRANSF,22464.0,1
2011-05-01,RECEIPTS,1346.0,1
2011-05-01,REFGROUT,283778.0,1
2011-05-01,STATDIFF,545.0,3
2011-05-01,TOTDEMO,275250.0,1
2011-05-01,TOTEXPSB,15404.0,1
2011-05-01,TOTIMPSB,34561.0,1
2011-06-01,PTRANSF,23234.0,1
2011-06-01,RECEIPTS,2038.0,1
2011-06-01,REFGROUT,279002.0,1
2011-06-01,STATDIFF,-2147.0,3
2011-06-01,TOTDEMO,273747.0,1
2011-06-01,TOTEXPSB,12976.0,1
2011-06-01,TOTIMPSB,28251.0,1
2011-07-01,PTRANSF,16529.0,1
2011-07-01,RECEIPTS,-623.0,1
2011-07-01,REFGROUT,284631.0,1
2011-07-01,STATDIFF,-5525.0,3
2011-07-01,TOTDEMO,281764.0,1
2011-07-01,TOTEXPSB,11342.0,1
2011-07-01,TOTIMPSB,23743.0,1
2011-08-01,PTRANSF,22526.0,1
2011-08-01,RECEIPTS,1976.0,1
2011-08-01,REFGROUT,287890.0,1
2011-08-01,STATDIFF,-1174.0,3
2011-08-01,TOTDEMO,278610.0,1
2011-08-01,TOTEXPSB,17855.0,1
2011-08-01,TOTIMPSB,22770.0,1
2011-09-01,PTRANSF,10661.0,1
2011-09-01,RECEIPTS,-282.0,1
2011-09-01,REFGROUT,274419.0,1
2011-09-01,STATDIFF,-760.0,3
2011-09-01,TOTDEMO,263807.0,1
2011-09-01,TOTEXPSB,16946.0,1
2011-09-01,TOTIMPSB,20359.0,1
2011-10-01,PTRANSF,19658.0,1
2011-10-01,RECEIPTS,663.0,1
2011-10-01,REFGROUT,277874.0,1
2011-10-01,STATDIFF,-4690.0,3
2011-10-01,TOTDEMO,270149.0,1
2011-10-01,TOTEXPSB,17421.0,1
2011-10-01,TOTIMPSB,18459.0,1
2011-11-01,PTRANSF,9208.0,1
2011-11-01,RECEIPTS,292.0,1
2011-11-01,REFGROUT,274142.0,1
2011-11-01,STATDIFF,-1267.0,3
2011-11-01,TOTDEMO,257770.0,1
2011-11-01,TOTEXPSB,19934.0,1
2011-11-01,TOTIMPSB,23504.0,1
2011-12-01,PTRANSF,11715.0,1
2011-12-01,RECEIPTS,896.0,1
2011-12-01,REFGROUT,283054.0,1
2011-12-01,STATDIFF,948.0,3
2011-12-01,TOTDEMO,270568.0,1
2011-12-01,TOTEXPSB,20072.0,1
2011-12-01,TOTIMPSB,19970.0,1
2012-01-01,PTRANSF,9416.0,1
2012-01-01,RECEIPTS,144.0,1
2012-01-01,REFGROUT,261578.0,1
2012-01-01,STATDIFF,-2169.0,3
2012-01-01,TOTDEMO,255400.0,1
2012-01-01,TOTEXPSB,13309.0,1
2012-01-01,TOTIMPSB,26040.0,1
2012-02-01,PTRANSF,10756.0,1
2012-02-01,RECEIPTS,471.0,1
2012-02-01,REFGROUT,251066.0,1
2012-02-01,STATDIFF,17.0,3
2012-02-01,TOTDEMO,250658.0,1
2012-02-01,TOTEXPSB,13405.0,1
2012-02-01,TOTIMPSB,18556.0,1
2012-03-01,PTRANSF,21075.0,1
2012-03-01,RECEIPTS,219.0,1
2012-03-01,REFGROUT,271686.0,1
2012-03-01,STATDIFF,-458.0,3
2012-03-01,TOTDEMO,267959.0,1
2012-03-01,TOTEXPSB,15345.0,1
2012-03-01,TOTIMPSB,20498.0,1
2012-04-01,PTRANSF,16691.0,1
2012-04-01,RECEIPTS,617.0,1
2012-04-01,REFGROUT,263370.0,1
2012-04-01,STATDIFF,1006.0,3
2012-04-01,TOTDEMO,263512.0,1
2012-04-01,TOTEXPSB,13820.0,1
2012-04-01,TOTIMPSB,23239.0,1
2012-05-01,PTRANSF,15464.0,1
2012-05-01,RECEIPTS,1073.0,1
2012-05-01,REFGROUT,277937.0,1
2012-05-01,STATDIFF,1272.0,3
2012-05-01,TOTDEMO,280121.0,1
2012-05-01,TOTEXPSB,11956.0,1
2012-05-01,TOTIMPSB,22421.0,1
2012-06-01,PTRANSF,13166.0,1
2012-06-01,RECEIPTS,570.0,1
2012-06-01,REFGROUT,276325.0,1
2012-06-01,STATDIFF,455.0,3
2012-06-01,TOTDEMO,271390.0,1
2012-06-01,TOTEXPSB,12658.0,1
2012-06-01,TOTIMPSB,22921.0,1
2012-07-01,PTRANSF,8742.0,1
2012-07-01,RECEIPTS,-180.0,1
2012-07-01,REFGROUT,276931.0,1
2012-07-01,STATDIFF,-2198.0,3
2012-07-01,TOTDEMO,274866.0,1
2012-07-01,TOTEXPSB,14870.0,1
2012-07-01,TOTIMPSB,22419.0,1
2012-08-01,PTRANSF,17988.0,1
2012-08-01,RECEIPTS,1339.0,1
2012-08-01,REFGROUT,281930.0,1
2012-08-01,STATDIFF,-2878.0,3
2012-08-01,TOTDEMO,285433.0,1
2012-08-01,TOTEXPSB,15714.0,1
2012-08-01,TOTIMPSB,25273.0,1
2012-09-01,PTRANSF,6937.0,1
2012-09-01,RECEIPTS,43.0,1
2012-09-01,REFGROUT,263437.0,1
2012-09-01,STATDIFF,624.0,3
2012-09-01,TOTDEMO,258284.0,1
2012-09-01,TOTEXPSB,14796.0,1
2012-09-01,TOTIMPSB,15876.0,1
2012-10-01,PTRANSF,7352.0,1
2012-10-01,RECEIPTS,1290.0,1
2012-10-01,REFGROUT,280296.0,1
2012-10-01,STATDIFF,-1155.0,3
2012-10-01,TOTDEMO,271590.0,1
2012-10-01,TOTEXPSB,17602.0,1
2012-10-01,TOTIMPSB,16527.0,1
2012-11-01,PTRANSF,877.0,1
2012-11-01,RECEIPTS,85.0,1
2012-11-01,REFGROUT,270890.0,1
2012-11-01,STATDIFF,-406.0,3
2012-11-01,TOTDEMO,255979.0,1
2012-11-01,TOTEXPSB,17663.0,1
2012-11-01,TOTIMPSB,15204.0,1
2012-12-01,PTRANSF,-3138.0,1
2012-12-01,RECEIPTS,258.0,1
2012-12-01,REFGROUT,279017.0,1
2012-12-01,STATDIFF,-585.0,3
2012-12-01,TOTDEMO,261312.0,1
2012-12-01,TOTEXPSB,23094.0,1
2012-12-01,TOTIMPSB,16666.0,1
2013-01-01,PTRANSF,6668.0,1
2013-01-01,RECEIPTS,915.0,1
2013-01-01,REFGROUT,267735.0,1
2013-01-01,STATDIFF,-2598.0,3
2013-01-01,TOTDEMO,259495.0,1
2013-01-01,TOTEXPSB,20417.0,1
2013-01-01,TOTIMPSB,17808.0,1
2013-02-01,PTRANSF,15922.0,1
2013-02-01,RECEIPTS,26.0,1
2013-02-01,REFGROUT,246442.0,1
2013-02-01,STATDIFF,-2359.0,3
2013-02-01,TOTDEMO,236103.0,1
2013-02-01,TOTEXPSB,18590.0,1
2013-02-01,TOTIMPSB,16124.0,1
2013-03-01,PTRANSF,15562.0,1
2013-03-01,RECEIPTS,-85.0,1
2013-03-01,REFGROUT,276451.0,1
2013-03-01,STATDIFF,-2776.0,3
2013-03-01,TOTDEMO,269400.0,1
2013-03-01,TOTEXPSB,14282.0,1
2013-03-01,TOTIMPSB,18948.0,1
2013-04-01,PTRANSF,19805.0,1
2013-04-01,RECEIPTS,869.0,1
2013-04-01,REFGROUT,269250.0,1
2013-04-01,STATDIFF,-1761.0,3
2013-04-01,TOTDEMO,266691.0,1
2013-04-01,TOTEXPSB,14161.0,1
2013-04-01,TOTIMPSB,23292.0,1
2013-05-01,PTRANSF,21805.0,1
2013-05-01,RECEIPTS,519.0,1
2013-05-01,REFGROUT,286820.0,1
2013-05-01,STATDIFF,-1740.0,3
2013-05-01,TOTDEMO,281492.0,1
2013-05-01,TOTEXPSB,10743.0,1
2013-05-01,TOTIMPSB,24445.0,1
2013-06-01,PTRANSF,18093.0,1
2013-06-01,RECEIPTS,779.0,1
2013-06-01,REFGROUT,282828.0,1
2013-06-01,STATDIFF,-5263.0,3
2013-06-01,TOTDEMO,273681.0,1
2013-06-01,TOTEXPSB,13944.0,1
2013-06-01,TOTIMPSB,20818.0,1
2013-07-01,PTRANSF,14578.0,1
2013-07-01,RECEIPTS,-317.0,1
2013-07-01,REFGROUT,289130.0,1
2013-07-01,STATDIFF,-3230.0,3
2013-07-01,TOTDEMO,284930.0,1
2013-07-01,TOTEXPSB,15210.0,1
2013-07-01,TOTIMPSB,19976.0,1
2013-08-01,PTRANSF,14971.0,1
2013-08-01,RECEIPTS,-992.0,1
2013-08-01,REFGROUT,288470.0,1
2013-08-01,STATDIFF,-3185.0,3
2013-08-01,TOTDEMO,284275.0,1
2013-08-01,TOTEXPSB,13297.0,1
2013-08-01,TOTIMPSB,17428.0,1
2013-09-01,PTRANSF,7039.0,1
2013-09-01,RECEIPTS,493.0,1
2013-09-01,REFGROUT,274050.0,1
2013-09-01,STATDIFF,-3018.0,3
2013-09-01,TOTDEMO,269529.0,1
2013-09-01,TOTEXPSB,13933.0,1
2013-09-01,TOTIMPSB,16170.0,1
2013-10-01,PTRANSF,22214.0,1
2013-10-01,RECEIPTS,315.0,1
2013-10-01,REFGROUT,292487.0,1
2013-10-01,STATDIFF,-5358.0,3
2013-10-01,TOTDEMO,278753.0,1
2013-10-01,TOTEXPSB,19450.0,1
2013-10-01,TOTIMPSB,17206.0,1
2013-11-01,PTRANSF,13655.0,1
2013-11-01,RECEIPTS,1079.0,1
2013-11-01,REFGROUT,284458.0,1
2013-11-01,STATDIFF,-6268.0,3
2013-11-01,TOTDEMO,269080.0,1
2013-11-01,TOTEXPSB,21802.0,1
2013-11-01,TOTIMPSB,16315.0,1
2013-12-01,PTRANSF,5984.0,1
2013-12-01,RECEIPTS,861.0,1
2013-12-01,REFGROUT,292732.0,1
2013-12-01,STATDIFF,1307.0,3
2013-12-01,TOTDEMO,269760.0,1
2013-12-01,TOTEXPSB,23793.0,1
2013-12-01,TOTIMPSB,16190.0,1
2014-01-01,IPTRANSF,1991.0,1
2014-01-01,RECEIPTS,25811.0,1
2014-01-01,REFGROUT,242710.0,1
2014-01-01,STATDIFF,-2404.0,3
2014-01-01,TOTDEMO,257675.0,1
2014-01-01,TOTEXPSB,22239.0,1
2014-01-01,TOTIMPSB,17157.0,1
2014-02-01,IPTRANSF,1751.0,1
2014-02-01,RECEIPTS,23267.0,1
2014-02-01,REFGROUT,214342.0,1
2014-02-01,STATDIFF,3120.0,3
2014-02-01,TOTDEMO,243110.0,1
2014-02-01,TOTEXPSB,14649.0,1
2014-02-01,TOTIMPSB,13644.0,1
2014-03-01,IPTRANSF,1667.0,1
2014-03-01,RECEIPTS,25761.0,1
2014-03-01,REFGROUT,235241.0,1
2014-03-01,STATDIFF,-143.0,3
2014-03-01,TOTDEMO,271164.0,1
2014-03-01,TOTEXPSB,16329.0,1
2014-03-01,TOTIMPSB,18856.0,1
2014-04-01,IPTRANSF,1551.0,1
2014-04-01,RECEIPTS,26125.0,1
2014-04-01,REFGROUT,231240.0,1
2014-04-01,STATDIFF,1545.0,3
2014-04-01,TOTDEMO,269713.0,1
2014-04-01,TOTEXPSB,13658.0,1
2014-04-01,TOTIMPSB,20306.0,1
2014-05-01,IPTRANSF,1177.0,1
2014-05-01,RECEIPTS,27844.0,1
2014-05-01,REFGROUT,244604.0,1
2014-05-01,STATDIFF,1356.0,3
2014-05-01,TOTDEMO,281122.0,1
2014-05-01,TOTEXPSB,17047.0,1
2014-05-01,TOTIMPSB,27998.0,1
2014-06-01,IPTRANSF,1060.0,1
2014-06-01,RECEIPTS,27061.0,1
2014-06-01,REFGROUT,239742.0,1
2014-06-01,STATDIFF,3213.0,3
2014-06-01,TOTDEMO,272429.0,1
2014-06-01,TOTEXPSB,12599.0,1
2014-06-01,TOTIMPSB,19333.0,1
2014-07-01,IPTRANSF,1196.0,1
2014-07-01,RECEIPTS,27418.0,1
2014-07-01,REFGROUT,252402.0,1
2014-07-01,STATDIFF,-2048.0,3
2014-07-01,TOTDEMO,288161.0,1
2014-07-01,TOTEXPSB,15542.0,1
2014-07-01,TOTIMPSB,20604.0,1
2014-08-01,IPTRANSF,1095.0,1
2014-08-01,RECEIPTS,26846.0,1
2014-08-01,REFGROUT,248101.0,1
2014-08-01,STATDIFF,7.0,3
2014-08-01,TOTDEMO,290078.0,1
2014-08-01,TOTEXPSB,13933.0,1
2014-08-01,TOTIMPSB,22524.0,1
2014-09-01,IPTRANSF,2180.0,1
2014-09-01,RECEIPTS,25830.0,1
2014-09-01,REFGROUT,236416.0,1
2014-09-01,STATDIFF,-1487.0,3
2014-09-01,TOTDEMO,265823.0,1
2014-09-01,TOTEXPSB,13352.0,1
2014-09-01,TOTIMPSB,15832.0,1
2014-10-01,IPTRANSF,2685.0,1
2014-10-01,RECEIPTS,26271.0,1
2014-10-01,REFGROUT,242572.0,1
2014-10-01,STATDIFF,994.0,3
2014-10-01,TOTDEMO,285090.0,1
2014-10-01,TOTEXPSB,13743.0,1
2014-10-01,TOTIMPSB,18504.0,1
2014-11-01,IPTRANSF,2312.0,1
2014-11-01,RECEIPTS,25711.0,1
2014-11-01,REFGROUT,259177.0,1
2014-11-01,STATDIFF,1138.0,3
2014-11-01,TOTDEMO,268921.0,1
2014-11-01,TOTEXPSB,20137.0,1
2014-11-01,TOTIMPSB,18273.0,1
2014-12-01,IPTRANSF,2478.0,1
2014-12-01,RECEIPTS,29242.0,1
2014-12-01,REFGROUT,274275.0,1
2014-12-01,STATDIFF,6485.0,3
2014-12-01,TOTDEMO,278336.0,1
2014-12-01,TOTEXPSB,27220.0,1
2014-12-01,TOTIMPSB,25329.0,1
2015-01-01,IPTRANSF,2068.0,1
2015-01-01,RECEIPTS,27559.0,1
2015-01-01,REFGROUT,246436.0,1
2015-01-01,STATDIFF,3171.0,3
2015-01-01,TOTDEMO,268973.0,1
2015-01-01,TOTEXPSB,22580.0,1
2015-01-01,TOTIMPSB,21793.0,1
2015-02-01,IPTRANSF,1980.0,1
2015-02-01,RECEIPTS,24449.0,1
2015-02-01,REFGROUT,220413.0,1
2015-02-01,STATDIFF,-1748.0,3
2015-02-01,TOTDEMO,248257.0,1
2015-02-01,TOTEXPSB,18859.0,1
2015-02-01,TOTIMPSB,18273.0,1
2015-03-01,IPTRANSF,2321.0,1
2015-03-01,RECEIPTS,26910.0,1
2015-03-01,REFGROUT,240480.0,1
2015-03-01,STATDIFF,1185.0,3
2015-03-01,TOTDEMO,282189.0,1
2015-03-01,TOTEXPSB,16474.0,1
2015-03-01,TOTIMPSB,20871.0,1
2015-04-01,IPTRANSF,1855.0,1
2015-04-01,RECEIPTS,25564.0,1
2015-04-01,REFGROUT,240096.0,1
2015-04-01,STATDIFF,706.0,3
2015-04-01,TOTDEMO,276831.0,1
2015-04-01,TOTEXPSB,14863.0,1
2015-04-01,TOTIMPSB,21099.0,1
2015-05-01,IPTRANSF,860.0,1
2015-05-01,RECEIPTS,27559.0,1
2015-05-01,REFGROUT,246970.0,1
2015-05-01,STATDIFF,-1543.0,3
2015-05-01,TOTDEMO,288567.0,1
2015-05-01,TOTEXPSB,18298.0,1
2015-05-01,TOTIMPSB,23361.0,1
2015-06-01,IPTRANSF,871.0,1
2015-06-01,RECEIPTS,27800.0,1
2015-06-01,REFGROUT,243305.0,1
2015-06-01,STATDIFF,66.0,3
2015-06-01,TOTDEMO,283808.0,1
2015-06-01,TOTEXPSB,15316.0,1
2015-06-01,TOTIMPSB,25107.0,1
2015-07-01,IPTRANSF,959.0,1
2015-07-01,RECEIPTS,27898.0,1
2015-07-01,REFGROUT,257330.0,1
2015-07-01,STATDIFF,-2700.0,3
2015-07-01,TOTDEMO,295046.0,1
2015-07-01,TOTEXPSB,19535.0,1
2015-07-01,TOTIMPSB,22862.0,1
2015-08-01,IPTRANSF,1316.0,1
2015-08-01,RECEIPTS,28151.0,1
2015-08-01,REFGROUT,256772.0,1
2015-08-01,STATDIFF,778.0,3
2015-08-01,TOTDEMO,294620.0,1
2015-08-01,TOTEXPSB,16897.0,1
2015-08-01,TOTIMPSB,25509.0,1
2015-09-01,IPTRANSF,2296.0,1
2015-09-01,RECEIPTS,27362.0,1
2015-09-01,REFGROUT,248259.0,1
2015-09-01,STATDIFF,-872.0,3
2015-09-01,TOTDEMO,279829.0,1
2015-09-01,TOTEXPSB,15722.0,1
2015-09-01,TOTIMPSB,24742.0,1
2015-10-01,IPTRANSF,3446.0,1
2015-10-01,RECEIPTS,27758.0,1
2015-10-01,REFGROUT,247332.0,1
2015-10-01,STATDIFF,-953.0,3
2015-10-01,TOTDEMO,288178.0,1
2015-10-01,TOTEXPSB,18904.0,1
2015-10-01,TOTIMPSB,20825.0,1
2015-11-01,IPTRANSF,3244.0,1
2015-11-01,RECEIPTS,28375.0,1
2015-11-01,REFGROUT,259120.0,1
2015-11-01,STATDIFF,3232.0,3
2015-11-01,TOTDEMO,274605.0,1
2015-11-01,TOTEXPSB,23363.0,1
2015-11-01,TOTIMPSB,14470.0,1
2015-12-01,IPTRANSF,2753.0,1
2015-12-01,RECEIPTS,28469.0,1
2015-12-01,REFGROUT,273199.0,1
2015-12-01,STATDIFF,2862.0,3
2015-12-01,TOTDEMO,284667.0,1
2015-12-01,TOTEXPSB,24854.0,1
2015-12-01,TOTIMPSB,19478.0,1
2016-01-01,IPTRANSF,2046.0,1
2016-01-01,RECEIPTS,26518.0,1
2016-01-01,REFGROUT,273384.0,1
2016-01-01,STATDIFF,5302.0,3
2016-01-01,TOTDEMO,269298.0,1
2016-01-01,TOTEXPSB,23440.0,1
2016-01-01,TOTIMPSB,18532.0,1
2016-02-01,IPTRANSF,1533.0,1
2016-02-01,RECEIPTS,27249.0,1
2016-02-01,REFGROUT,243386.0,1
2016-02-01,STATDIFF,-1562.0,3
2016-02-01,TOTDEMO,268491.0,1
2016-02-01,TOTEXPSB,24729.0,1
2016-02-01,TOTIMPSB,16868.0,1
2016-03-01,IPTRANSF,1786.0,1
2016-03-01,RECEIPTS,27200.0,1
2016-03-01,REFGROUT,255714.0,1
2016-03-01,STATDIFF,-4438.0,3
2016-03-01,TOTDEMO,291944.0,1
2016-03-01,TOTEXPSB,22617.0,1
2016-03-01,TOTIMPSB,17804.0,1
2016-04-01,IPTRANSF,1317.0,1
2016-04-01,RECEIPTS,26782.0,1
2016-04-01,REFGROUT,245058.0,1
2016-04-01,STATDIFF,5133.0,3
2016-04-01,TOTDEMO,276356.0,1
2016-04-01,TOTEXPSB,19105.0,1
2016-04-01,TOTIMPSB,24517.0,1
2016-05-01,IPTRANSF,338.0,1
2016-05-01,RECEIPTS,28002.0,1
2016-05-01,REFGROUT,260798.0,1
2016-05-01,STATDIFF,599.0,3
2016-05-01,TOTDEMO,293181.0,1
2016-05-01,TOTEXPSB,22056.0,1
2016-05-01,TOTIMPSB,27035.0,1
2016-06-01,IPTRANSF,412.0,1
2016-06-01,RECEIPTS,27761.0,1
2016-06-01,REFGROUT,253742.0,1
2016-06-01,STATDIFF,3678.0,3
2016-06-01,TOTDEMO,289424.0,1
2016-06-01,TOTEXPSB,20972.0,1
2016-06-01,TOTIMPSB,30560.0,1
2016-07-01,IPTRANSF,333.0,1
2016-07-01,RECEIPTS,28465.0,1
2016-07-01,REFGROUT,261833.0,1
2016-07-01,STATDIFF,-1884.0,3
2016-07-01,TOTDEMO,298099.0,1
2016-07-01,TOTEXPSB,20498.0,1
2016-07-01,TOTIMPSB,26994.0,1
2016-08-01,IPTRANSF,655.0,1
2016-08-01,RECEIPTS,28746.0,1
2016-08-01,REFGROUT,257992.0,1
2016-08-01,STATDIFF,-3556.0,3
2016-08-01,TOTDEMO,301645.0,1
2016-08-01,TOTEXPSB,23089.0,1
2016-08-01,TOTIMPSB,24334.0,1
2016-09-01,IPTRANSF,2027.0,1
2016-09-01,RECEIPTS,27374.0,1
2016-09-01,REFGROUT,249903.0,1
2016-09-01,STATDIFF,438.0,3
2016-09-01,TOTDEMO,285566.0,1
2016-09-01,TOTEXPSB,19388.0,1
2016-09-01,TOTIMPSB,24332.0,1
2016-10-01,IPTRANSF,3202.0,1
2016-10-01,RECEIPTS,27897.0,1
2016-10-01,REFGROUT,252792.0,1
2016-10-01,STATDIFF,114.0,3
2016-10-01,TOTDEMO,283226.0,1
2016-10-01,TOTEXPSB,25099.0,1
2016-10-01,TOTIMPSB,22834.0,1
2016-11-01,IPTRANSF,3141.0,1
2016-11-01,RECEIPTS,26669.0,1
2016-11-01,REFGROUT,261590.0,1
2016-11-01,STATDIFF,1206.0,3
2016-11-01,TOTDEMO,278208.0,1
2016-11-01,TOTEXPSB,27867.0,1
2016-11-01,TOTIMPSB,23663.0,1
2016-12-01,IPTRANSF,3220.0,1
2016-12-01,RECEIPTS,27350.0,1
2016-12-01,REFGROUT,275232.0,1
2016-12-01,STATDIFF,3103.0,3
2016-12-01,TOTDEMO,288794.0,1
2016-12-01,TOTEXPSB,31931.0,1
2016-12-01,TOTIMPSB,19164.0,1
2017-01-01,IPTRANSF,2945.0,1
2017-01-01,RECEIPTS,25435.0,1
2017-01-01,REFGROUT,265814.0,1
2017-01-01,STATDIFF,-281.0,3
2017-01-01,TOTDEMO,264824.0,1
2017-01-01,TOTEXPSB,29245.0,1
2017-01-01,TOTIMPSB,21840.0,1
2017-02-01,IPTRANSF,2240.0,1
2017-02-01,RECEIPTS,24090.0,1
2017-02-01,REFGROUT,224990.0,1
2017-02-01,STATDIFF,-4885.0,3
2017-02-01,TOTDEMO,253214.0,1
2017-02-01,TOTEXPSB,22490.0,1
2017-02-01,TOTIMPSB,16510.0,1
2017-03-01,IPTRANSF,2552.0,1
2017-03-01,RECEIPTS,27799.0,1
2017-03-01,REFGROUT,251245.0,1
2017-03-01,STATDIFF,-113.0,3
2017-03-01,TOTDEMO,290264.0,1
2017-03-01,TOTEXPSB,20832.0,1
2017-03-01,TOTIMPSB,17165.0,1
2017-04-01,IPTRANSF,2119.0,1
2017-04-01,RECEIPTS,27003.0,1
2017-04-01,REFGROUT,250392.0,1
2017-04-01,STATDIFF,1434.0,3
2017-04-01,TOTDEMO,280006.0,1
2017-04-01,TOTEXPSB,21933.0,1
2017-04-01,TOTIMPSB,24961.0,1
2017-05-01,IPTRANSF,1522.0,1
2017-05-01,RECEIPTS,28550.0,1
2017-05-01,REFGROUT,262515.0,1
2017-05-01,STATDIFF,3416.0,3
2017-05-01,TOTDEMO,297308.0,1
2017-05-01,TOTEXPSB,20630.0,1
2017-05-01,TOTIMPSB,25481.0,1
2017-06-01,IPTRANSF,1326.0,1
2017-06-01,RECEIPTS,28050.0,1
2017-06-01,REFGROUT,259119.0,1
2017-06-01,STATDIFF,-568.0,3
2017-06-01,TOTDEMO,294554.0,1
2017-06-01,TOTEXPSB,23461.0,1
2017-06-01,TOTIMPSB,24110.0,1
2017-07-01,IPTRANSF,1368.0,1
2017-07-01,RECEIPTS,28331.0,1
2017-07-01,REFGROUT,265379.0,1
2017-07-01,STATDIFF,-677.0,3
2017-07-01,TOTDEMO,298842.0,1
2017-07-01,TOTEXPSB,24265.0,1
2017-07-01,TOTIMPSB,22332.0,1
2017-08-01,IPTRANSF,1608.0,1
2017-08-01,RECEIPTS,28907.0,1
2017-08-01,REFGROUT,263443.0,1
2017-08-01,STATDIFF,-1261.0,3
2017-08-01,TOTDEMO,303722.0,1
2017-08-01,TOTEXPSB,20124.0,1
2017-08-01,TOTIMPSB,23301.0,1
2017-09-01,IPTRANSF,3504.0,1
2017-09-01,RECEIPTS,26809.0,1
2017-09-01,REFGROUT,246894.0,1
2017-09-01,STATDIFF,-432.0,3
2017-09-01,TOTDEMO,282600.0,1
2017-09-01,TOTEXPSB,22665.0,1
2017-09-01,TOTIMPSB,25172.0,1
2017-10-01,IPTRANSF,3500.0,1
2017-10-01,RECEIPTS,28058.0,1
2017-10-01,REFGROUT,262196.0,1
2017-10-01,STATDIFF,-864.0,3
2017-10-01,TOTDEMO,291311.0,1
2017-10-01,TOTEXPSB,24923.0,1
2017-10-01,TOTIMPSB,16823.0,1
2017-11-01,IPTRANSF,4007.0,1
2017-11-01,RECEIPTS,26763.0,1
2017-11-01,REFGROUT,273673.0,1
2017-11-01,STATDIFF,3977.0,3
2017-11-01,TOTDEMO,274542.0,1
2017-11-01,TOTEXPSB,36638.0,1
2017-11-01,TOTIMPSB,17051.0,1
2017-12-01,IPTRANSF,3713.0,1
2017-12-01,RECEIPTS,27425.0,1
2017-12-01,REFGROUT,289713.0,1
2017-12-01,STATDIFF,828.0,3
2017-12-01,TOTDEMO,287976.0,1
2017-12-01,TOTEXPSB,34655.0,1
2017-12-01,TOTIMPSB,14580.0,1
2018-01-01,IPTRANSF,2712.0,1
2018-01-01,RECEIPTS,28351.0,1
2018-01-01,REFGROUT,272016.0,1
2018-01-01,STATDIFF,2098.0,3
2018-01-01,TOTDEMO,273482.0,1
2018-01-01,TOTEXPSB,35097.0,1
2018-01-01,TOTIMPSB,17855.0,1
2018-02-01,IPTRANSF,2592.0,1
2018-02-01,RECEIPTS,24376.0,1
2018-02-01,REFGROUT,238782.0,1
2018-02-01,STATDIFF,1931.0,3
2018-02-01,TOTDEMO,247189.0,1
2018-02-01,TOTEXPSB,26889.0,1
2018-02-01,TOTIMPSB,15705.0,1
2018-03-01,IPTRANSF,2967.0,1
2018-03-01,RECEIPTS,27865.0,1
2018-03-01,REFGROUT,259594.0,1
2018-03-01,STATDIFF,-4026.0,3
2018-03-01,TOTDEMO,294611.0,1
2018-03-01,TOTEXPSB,31010.0,1
2018-03-01,TOTIMPSB,23202.0,1
2018-04-01,IPTRANSF,2151.0,1
2018-04-01,RECEIPTS,26832.0,1
2018-04-01,REFGROUT,253144.0,1
2018-04-01,STATDIFF,8162.0,3
2018-04-01,TOTDEMO,277319.0,1
2018-04-01,TOTEXPSB,28732.0,1
2018-04-01,TOTIMPSB,26648.0,1
2018-05-01,IPTRANSF,1426.0,1
2018-05-01,RECEIPTS,29981.0,1
2018-05-01,REFGROUT,261104.0,1
2018-05-01,STATDIFF,1867.0,3
2018-05-01,TOTDEMO,296178.0,1
2018-05-01,TOTEXPSB,22730.0,1
2018-05-01,TOTIMPSB,29762.0,1
2018-06-01,IPTRANSF,1289.0,1
2018-06-01,RECEIPTS,28861.0,1
2018-06-01,REFGROUT,259088.0,1
2018-06-01,STATDIFF,437.0,3
2018-06-01,TOTDEMO,295160.0,1
2018-06-01,TOTEXPSB,22398.0,1
2018-06-01,TOTIMPSB,27206.0,1
2018-07-01,IPTRANSF,1555.0,1
2018-07-01,RECEIPTS,29636.0,1
2018-07-01,REFGROUT,263723.0,1
2018-07-01,STATDIFF,341.0,3
2018-07-01,TOTDEMO,300278.0,1
2018-07-01,TOTEXPSB,27833.0,1
2018-07-01,TOTIMPSB,27623.0,1
2018-08-01,IPTRANSF,1901.0,1
2018-08-01,RECEIPTS,30266.0,1
2018-08-01,REFGROUT,268598.0,1
2018-08-01,STATDIFF,873.0,3
2018-08-01,TOTDEMO,304497.0,1
2018-08-01,TOTEXPSB,23779.0,1
2018-08-01,TOTIMPSB,29363.0,1
2018-09-01,IPTRANSF,3392.0,1
2018-09-01,RECEIPTS,28881.0,1
2018-09-01,REFGROUT,257836.0,1
2018-09-01,STATDIFF,1779.0,3
2018-09-01,TOTDEMO,275753.0,1
2018-09-01,TOTEXPSB,28983.0,1
2018-09-01,TOTIMPSB,21954.0,1
2018-10-01,IPTRANSF,4262.0,1
2018-10-01,RECEIPTS,31117.0,1
2018-10-01,REFGROUT,267269.0,1
2018-10-01,STATDIFF,3630.0,3
2018-10-01,TOTDEMO,289496.0,1
2018-10-01,TOTEXPSB,35436.0,1
2018-10-01,TOTIMPSB,19041.0,1
2018-11-01,IPTRANSF,4139.0,1
2018-11-01,RECEIPTS,29464.0,1
2018-11-01,REFGROUT,271665.0,1
2018-11-01,STATDIFF,3494.0,3
2018-11-01,TOTDEMO,279796.0,1
2018-11-01,TOTEXPSB,35218.0,1
2018-11-01,TOTIMPSB,9988.0,1
2018-12-01,IPTRANSF,3569.0,1
2018-12-01,RECEIPTS,30172.0,1
2018-12-01,REFGROUT,288363.0,1
2018-12-01,STATDIFF,8011.0,3
2018-12-01,TOTDEMO,285811.0,1
2018-12-01,TOTEXPSB,32346.0,1
2018-12-01,TOTIMPSB,17881.0,1
2019-01-01,IPTRANSF,3545.0,1
2019-01-01,RECEIPTS,27609.0,1
2019-01-01,REFGROUT,271037.0,1
2019-01-01,STATDIFF,1159.0,3
2019-01-01,TOTDEMO,273075.0,1
2019-01-01,TOTEXPSB,30862.0,1
2019-01-01,TOTIMPSB,19429.0,1
2019-02-01,IPTRANSF,2977.0,1
2019-02-01,RECEIPTS,27441.0,1
2019-02-01,REFGROUT,228412.0,1
2019-02-01,STATDIFF,-657.0,3
2019-02-01,TOTDEMO,254856.0,1
2019-02-01,TOTEXPSB,30741.0,1
2019-02-01,TOTIMPSB,17567.0,1
2019-03-01,IPTRANSF,3358.0,1
2019-03-01,RECEIPTS,30664.0,1
2019-03-01,REFGROUT,248230.0,1
2019-03-01,STATDIFF,1185.0,3
2019-03-01,TOTDEMO,285804.0,1
2019-03-01,TOTEXPSB,30738.0,1
2019-03-01,TOTIMPSB,23217.0,1
2019-04-01,IPTRANSF,3240.0,1
2019-04-01,RECEIPTS,29339.0,1
2019-04-01,REFGROUT,241212.0,1
2019-04-01,STATDIFF,5844.0,3
2019-04-01,TOTDEMO,283360.0,1
2019-04-01,TOTEXPSB,22872.0,1
2019-04-01,TOTIMPSB,28786.0,1
2019-05-01,IPTRANSF,1656.0,1
2019-05-01,RECEIPTS,32539.0,1
2019-05-01,REFGROUT,255355.0,1
2019-05-01,STATDIFF,1525.0,3
2019-05-01,TOTDEMO,295615.0,1
2019-05-01,TOTEXPSB,25248.0,1
2019-05-01,TOTIMPSB,36747.0,1
2019-06-01,IPTRANSF,1480.0,1
2019-06-01,RECEIPTS,31177.0,1
2019-06-01,REFGROUT,255626.0,1
2019-06-01,STATDIFF,-100.0,3
2019-06-01,TOTDEMO,292273.0,1
2019-06-01,TOTEXPSB,23963.0,1
2019-06-01,TOTIMPSB,23664.0,1
2019-07-01,IPTRANSF,1748.0,1
2019-07-01,RECEIPTS,30985.0,1
2019-07-01,REFGROUT,263834.0,1
2019-07-01,STATDIFF,4458.0,3
2019-07-01,TOTDEMO,296844.0,1
2019-07-01,TOTEXPSB,24424.0,1
2019-07-01,TOTIMPSB,31579.0,1
2019-08-01,IPTRANSF,1983.0,1
2019-08-01,RECEIPTS,32244.0,1
2019-08-01,REFGROUT,264894.0,1
2019-08-01,STATDIFF,4088.0,3
2019-08-01,TOTDEMO,306022.0,1
2019-08-01,TOTEXPSB,23303.0,1
2019-08-01,TOTIMPSB,28878.0,1
2019-09-01,IPTRANSF,4427.0,1
2019-09-01,RECEIPTS,29278.0,1
2019-09-01,REFGROUT,250544.0,1
2019-09-01,STATDIFF,3291.0,3
2019-09-01,TOTDEMO,277138.0,1
2019-09-01,TOTEXPSB,24539.0,1
2019-09-01,TOTIMPSB,23001.0,1
2019-10-01,IPTRANSF,6298.0,1
2019-10-01,RECEIPTS,31664.0,1
2019-10-01,REFGROUT,257082.0,1
2019-10-01,STATDIFF,4011.0,3
2019-10-01,TOTDEMO,289696.0,1
2019-10-01,TOTEXPSB,28762.0,1
2019-10-01,TOTIMPSB,23262.0,1
2019-11-01,IPTRANSF,5433.0,1
2019-11-01,RECEIPTS,30957.0,1
2019-11-01,REFGROUT,269738.0,1
2019-11-01,STATDIFF,7052.0,3
2019-11-01,TOTDEMO,277333.0,1
2019-11-01,TOTEXPSB,33601.0,1
2019-11-01,TOTIMPSB,19964.0,1
2019-12-01,IPTRANSF,4842.0,1
2019-12-01,RECEIPTS,31123.0,1
2019-12-01,REFGROUT,282488.0,1
2019-12-01,STATDIFF,8116.0,3
2019-12-01,TOTDEMO,279097.0,1
2019-12-01,TOTEXPSB,33583.0,1
2019-12-01,TOTIMPSB,19631.0,1
2020-01-01,IPTRANSF,3952.0,1
2020-01-01,RECEIPTS,29164.0,1
2020-01-01,REFGROUT,265849.0,1
2020-01-01,STATDIFF,5584.0,3
2020-01-01,TOTDEMO,271734.0,1
2020-01-01,TOTEXPSB,28208.0,1
2020-01-01,TOTIMPSB,16529.0,1
2020-02-01,IPTRANSF,3983.0,1
2020-02-01,RECEIPTS,27606.0,1
2020-02-01,REFGROUT,233775.0,1
2020-02-01,STATDIFF,-141.0,3
2020-02-01,TOTDEMO,263558.0,1
2020-02-01,TOTEXPSB,27494.0,1
2020-02-01,TOTIMPSB,16070.0,1
2020-03-01,IPTRANSF,3093.0,1
2020-03-01,RECEIPTS,24861.0,1
2020-03-01,REFGROUT,231400.0,1
2020-03-01,STATDIFF,-820.0,3
2020-03-01,TOTDEMO,242762.0,1
2020-03-01,TOTEXPSB,26664.0,1
2020-03-01,TOTIMPSB,22932.0,1
2020-04-01,IPTRANSF,456.0,1
2020-04-01,RECEIPTS,17592.0,1
2020-04-01,REFGROUT,170154.0,1
2020-04-01,STATDIFF,2793.0,3
2020-04-01,TOTDEMO,176875.0,1
2020-04-01,TOTEXPSB,24782.0,1
2020-04-01,TOTIMPSB,12237.0,1
2020-05-01,IPTRANSF,888.0,1
2020-05-01,RECEIPTS,24626.0,1
2020-05-01,REFGROUT,195806.0,1
2020-05-01,STATDIFF,4244.0,3
2020-05-01,TOTDEMO,224554.0,1
2020-05-01,TOTEXPSB,10801.0,1
2020-05-01,TOTIMPSB,15103.0,1
2020-06-01,IPTRANSF,1034.0,1
2020-06-01,RECEIPTS,28420.0,1
2020-06-01,REFGROUT,211237.0,1
2020-06-01,STATDIFF,382.0,3
2020-06-01,TOTDEMO,250034.0,1
2020-06-01,TOTEXPSB,16779.0,1
2020-06-01,TOTIMPSB,22706.0,1
2020-07-01,IPTRANSF,1848.0,1
2020-07-01,RECEIPTS,29399.0,1
2020-07-01,REFGROUT,230772.0,1
2020-07-01,STATDIFF,5054.0,3
2020-07-01,TOTDEMO,263604.0,1
2020-07-01,TOTEXPSB,20741.0,1
2020-07-01,TOTIMPSB,20794.0,1
2020-08-01,IPTRANSF,1640.0,1
2020-08-01,RECEIPTS,28302.0,1
2020-08-01,REFGROUT,229266.0,1
2020-08-01,STATDIFF,1038.0,3
2020-08-01,TOTDEMO,265637.0,1
2020-08-01,TOTEXPSB,26349.0,1
2020-08-01,TOTIMPSB,21879.0,1
2020-09-01,IPTRANSF,3490.0,1
2020-09-01,RECEIPTS,28241.0,1
2020-09-01,REFGROUT,222780.0,1
2020-09-01,STATDIFF,-130.0,3
2020-09-01,TOTDEMO,257452.0,1
2020-09-01,TOTEXPSB,24820.0,1
2020-09-01,TOTIMPSB,22061.0,1
2020-10-01,IPTRANSF,4356.0,1
2020-10-01,RECEIPTS,27300.0,1
2020-10-01,REFGROUT,239878.0,1
2020-10-01,STATDIFF,3642.0,3
2020-10-01,TOTDEMO,259364.0,1
2020-10-01,TOTEXPSB,27893.0,1
2020-10-01,TOTIMPSB,19041.0,1
2020-11-01,IPTRANSF,4353.0,1
2020-11-01,RECEIPTS,28079.0,1
2020-11-01,REFGROUT,236769.0,1
2020-11-01,STATDIFF,4685.0,3
2020-11-01,TOTDEMO,241377.0,1
2020-11-01,TOTEXPSB,27233.0,1
2020-11-01,TOTIMPSB,17144.0,1
2020-12-01,IPTRANSF,3880.0,1
2020-12-01,RECEIPTS,28711.0,1
2020-12-01,REFGROUT,231044.0,1
2020-12-01,STATDIFF,6320.0,3
2020-12-01,TOTDEMO,244639.0,1
2020-12-01,TOTEXPSB,31143.0,1
2020-12-01,TOTIMPSB,19662.0,1
2021-01-01,IPTRANSF,4102.0,1
2021-01-01,RECEIPTS,22904.0,1
2021-01-01,REFGROUT,235930.0,1
2021-01-01,STATDIFF,-267.0,3
2021-01-01,TOTDEMO,240615.0,1
2021-01-01,TOTEXPSB,26836.0,1
2021-01-01,TOTIMPSB,17263.0,1
2021-02-01,IPTRANSF,3257.0,1
2021-02-01,RECEIPTS,21361.0,1
2021-02-01,REFGROUT,183545.0,1
2021-02-01,STATDIFF,-1805.0,3
2021-02-01,TOTDEMO,219981.0,1
2021-02-01,TOTEXPSB,20787.0,1
2021-02-01,TOTIMPSB,17595.0,1
2021-03-01,IPTRANSF,4809.0,1
2021-03-01,RECEIPTS,27393.0,1
2021-03-01,REFGROUT,229061.0,1
2021-03-01,STATDIFF,1958.0,3
2021-03-01,TOTDEMO,266566.0,1
2021-03-01,TOTEXPSB,25405.0,1
2021-03-01,TOTIMPSB,29623.0,1
2021-04-01,IPTRANSF,3849.0,1
2021-04-01,RECEIPTS,26196.0,1
2021-04-01,REFGROUT,231770.0,1
2021-04-01,STATDIFF,3335.0,3
2021-04-01,TOTDEMO,266290.0,1
2021-04-01,TOTEXPSB,25101.0,1
2021-04-01,TOTIMPSB,32464.0,1
2021-05-01,IPTRANSF,2000.0,1
2021-05-01,RECEIPTS,28202.0,1
2021-05-01,REFGROUT,248906.0,1
2021-05-01,STATDIFF,4632.0,3
2021-05-01,TOTDEMO,282732.0,1
2021-05-01,TOTEXPSB,29514.0,1
2021-05-01,TOTIMPSB,35095.0,1
2021-06-01,IPTRANSF,1604.0,1
2021-06-01,RECEIPTS,28273.0,1
2021-06-01,REFGROUT,245460.0,1
2021-06-01,STATDIFF,-1296.0,3
2021-06-01,TOTDEMO,282202.0,1
2021-06-01,TOTEXPSB,28338.0,1
2021-06-01,TOTIMPSB,29665.0,1
2021-07-01,IPTRANSF,2162.0,1
2021-07-01,RECEIPTS,29069.0,1
2021-07-01,REFGROUT,251280.0,1
2021-07-01,STATDIFF,-3466.0,3
2021-07-01,TOTDEMO,289386.0,1
2021-07-01,TOTEXPSB,28953.0,1
2021-07-01,TOTIMPSB,30368.0,1
2021-08-01,IPTRANSF,1695.0,1
2021-08-01,RECEIPTS,28190.0,1
2021-08-01,REFGROUT,252006.0,1
2021-08-01,STATDIFF,-1301.0,3
2021-08-01,TOTDEMO,286059.0,1
2021-08-01,TOTEXPSB,31625.0,1
2021-08-01,TOTIMPSB,28802.0,1
2021-09-01,IPTRANSF,4582.0,1
2021-09-01,RECEIPTS,26519.0,1
2021-09-01,REFGROUT,239278.0,1
2021-09-01,STATDIFF,794.0,3
2021-09-01,TOTDEMO,269171.0,1
2021-09-01,TOTEXPSB,24905.0,1
2021-09-01,TOTIMPSB,27739.0,1
2021-10-01,IPTRANSF,6747.0,1
2021-10-01,RECEIPTS,29255.0,1
2021-10-01,REFGROUT,247675.0,1
2021-10-01,STATDIFF,-1066.0,3
2021-10-01,TOTDEMO,281275.0,1
2021-10-01,TOTEXPSB,32017.0,1
2021-10-01,TOTIMPSB,19691.0,1
2021-11-01,IPTRANSF,6574.0,1
2021-11-01,RECEIPTS,27643.0,1
2021-11-01,REFGROUT,255865.0,1
2021-11-01,STATDIFF,2911.0,3
2021-11-01,TOTDEMO,271762.0,1
2021-11-01,TOTEXPSB,32275.0,1
2021-11-01,TOTIMPSB,19927.0,1
2021-12-01,IPTRANSF,6140.0,1
2021-12-01,RECEIPTS,27908.0,1
2021-12-01,REFGROUT,272279.0,1
2021-12-01,STATDIFF,6735.0,3
2021-12-01,TOTDEMO,276267.0,1
2021-12-01,TOTEXPSB,33591.0,1
2021-12-01,TOTIMPSB,19936.0,1
2022-01-01,IPTRANSF,5552.0,1
2022-01-01,RECEIPTS,25074.0,1
2022-01-01,REFGROUT,252911.0,1
2022-01-01,STATDIFF,245.0,3
2022-01-01,TOTDEMO,251022.0,1
2022-01-01,TOTEXPSB,27967.0,1
2022-01-01,TOTIMPSB,14742.0,1
2022-02-01,IPTRANSF,4632.0,1
2022-02-01,RECEIPTS,23634.0,1
2022-02-01,REFGROUT,221079.0,1
2022-02-01,STATDIFF,2645.0,3
2022-02-01,TOTDEMO,243371.0,1
2022-02-01,TOTEXPSB,24076.0,1
2022-02-01,TOTIMPSB,17732.0,1
2022-03-01,IPTRANSF,5200.0,1
2022-03-01,RECEIPTS,27692.0,1
2022-03-01,REFGROUT,243570.0,1
2022-03-01,STATDIFF,-7637.0,3
2022-03-01,TOTDEMO,280771.0,1
2022-03-01,TOTEXPSB,28822.0,1
2022-03-01,TOTIMPSB,17328.0,1
2022-04-01,IPTRANSF,3775.0,1
2022-04-01,RECEIPTS,26214.0,1
2022-04-01,REFGROUT,233182.0,1
2022-04-01,STATDIFF,2949.0,3
2022-04-01,TOTDEMO,264963.0,1
2022-04-01,TOTEXPSB,28651.0,1
2022-04-01,TOTIMPSB,22258.0,1
2022-05-01,IPTRANSF,3149.0,1
2022-05-01,RECEIPTS,27586.0,1
2022-05-01,REFGROUT,243523.0,1
2022-05-01,STATDIFF,-1638.0,3
2022-05-01,TOTDEMO,283926.0,1
2022-05-01,TOTEXPSB,29025.0,1
2022-05-01,TOTIMPSB,28047.0,1
2022-06-01,IPTRANSF,3347.0,1
2022-06-01,RECEIPTS,28209.0,1
2022-06-01,REFGROUT,246020.0,1
2022-06-01,STATDIFF,2128.0,3
2022-06-01,TOTDEMO,273631.0,1
2022-06-01,TOTEXPSB,28692.0,1
2022-06-01,TOTIMPSB,26864.0,1
2022-07-01,IPTRANSF,3744.0,1
2022-07-01,RECEIPTS,27292.0,1
2022-07-01,REFGROUT,250620.0,1
2022-07-01,STATDIFF,-181.0,3
2022-07-01,TOTDEMO,274313.0,1
2022-07-01,TOTEXPSB,26659.0,1
2022-07-01,TOTIMPSB,22558.0,1
2022-08-01,IPTRANSF,3406.0,1
2022-08-01,RECEIPTS,29072.0,1
2022-08-01,REFGROUT,248948.0,1
2022-08-01,STATDIFF,-2164.0,3
2022-08-01,TOTDEMO,284111.0,1
2022-08-01,TOTEXPSB,32289.0,1
2022-08-01,TOTIMPSB,23191.0,1
2022-09-01,IPTRANSF,5682.0,1
2022-09-01,RECEIPTS,25966.0,1
2022-09-01,REFGROUT,245790.0,1
2022-09-01,STATDIFF,267.0,3
2022-09-01,TOTDEMO,266520.0,1
2022-09-01,TOTEXPSB,34079.0,1
2022-09-01,TOTIMPSB,18901.0,1
2022-10-01,IPTRANSF,6778.0,1
2022-10-01,RECEIPTS,28726.0,1
2022-10-01,REFGROUT,254844.0,1
2022-10-01,STATDIFF,1140.0,3
2022-10-01,TOTDEMO,274477.0,1
2022-10-01,TOTEXPSB,27365.0,1
2022-10-01,TOTIMPSB,17090.0,1
2022-11-01,IPTRANSF,6768.0,1
2022-11-01,RECEIPTS,27348.0,1
2022-11-01,REFGROUT,259889.0,1
2022-11-01,STATDIFF,6585.0,3
2022-11-01,TOTDEMO,266116.0,1
2022-11-01,TOTEXPSB,31778.0,1
2022-11-01,TOTIMPSB,18158.0,1
2022-12-01,IPTRANSF,6789.0,1
2022-12-01,RECEIPTS,26278.0,1
2022-12-01,REFGROUT,252019.0,1
2022-12-01,STATDIFF,3851.0,3
2022-12-01,TOTDEMO,267577.0,1
2022-12-01,TOTEXPSB,33298.0,1
2022-12-01,TOTIMPSB,21874.0,1
2023-01-01,IPTRANSF,6724.0,1
2023-01-01,RECEIPTS,26529.0,1
2023-01-01,REFGROUT,252913.0,1
2023-01-01,STATDIFF,2714.0,3
2023-01-01,TOTDEMO,257657.0,1
2023-01-01,TOTEXPSB,30337.0,1
2023-01-01,TOTIMPSB,20119.0,1
2023-02-01,IPTRANSF,5947.0,1
2023-02-01,RECEIPTS,24020.0,1
2023-02-01,REFGROUT,224497.0,1
2023-02-01,STATDIFF,2984.0,3
2023-02-01,TOTDEMO,244938.0,1
2023-02-01,TOTEXPSB,22970.0,1
2023-02-01,TOTIMPSB,19176.0,1
2023-03-01,IPTRANSF,6130.0,1
2023-03-01,RECEIPTS,28160.0,1
2023-03-01,REFGROUT,241012.0,1
2023-03-01,STATDIFF,-2766.0,3
2023-03-01,TOTDEMO,280310.0,1
2023-03-01,TOTEXPSB,30283.0,1
2023-03-01,TOTIMPSB,19926.0,1
2023-04-01,IPTRANSF,4975.0,1
2023-04-01,RECEIPTS,26434.0,1
2023-04-01,REFGROUT,235108.0,1
2023-04-01,STATDIFF,4620.0,3
2023-04-01,TOTDEMO,270847.0,1
2023-04-01,TOTEXPSB,23973.0,1
2023-04-01,TOTIMPSB,27310.0,1
2023-05-01,IPTRANSF,3850.0,1
2023-05-01,RECEIPTS,28481.0,1
2023-05-01,REFGROUT,247250.0,1
2023-05-01,STATDIFF,923.0,3
2023-05-01,TOTDEMO,283382.0,1
2023-05-01,TOTEXPSB,26522.0,1
2023-05-01,TOTIMPSB,28750.0,1
2023-06-01,IPTRANSF,4175.0,1
2023-06-01,RECEIPTS,28468.0,1
2023-06-01,REFGROUT,244156.0,1
2023-06-01,STATDIFF,995.0,3
2023-06-01,TOTDEMO,279473.0,1
2023-06-01,TOTEXPSB,26311.0,1
2023-06-01,TOTIMPSB,29917.0,1
2023-07-01,IPTRANSF,3628.0,1
2023-07-01,RECEIPTS,27800.0,1
2023-07-01,REFGROUT,253653.0,1
2023-07-01,STATDIFF,-2325.0,3
2023-07-01,TOTDEMO,280563.0,1
2023-07-01,TOTEXPSB,30273.0,1
2023-07-01,TOTIMPSB,24582.0,1
2023-08-01,IPTRANSF,4371.0,1
2023-08-01,RECEIPTS,29395.0,1
2023-08-01,REFGROUT,252636.0,1
2023-08-01,STATDIFF,1584.0,3
2023-08-01,TOTDEMO,289436.0,1
2023-08-01,TOTEXPSB,26204.0,1
2023-08-01,TOTIMPSB,26948.0,1
2023-09-01,IPTRANSF,7406.0,1
2023-09-01,RECEIPTS,26953.0,1
2023-09-01,REFGROUT,246708.0,1
2023-09-01,STATDIFF,6326.0,3
2023-09-01,TOTDEMO,265863.0,1
2023-09-01,TOTEXPSB,25732.0,1
2023-09-01,TOTIMPSB,24216.0,1
2023-10-01,IPTRANSF,8199.0,1
2023-10-01,RECEIPTS,32066.0,1
2023-10-01,REFGROUT,244167.0,1
2023-10-01,STATDIFF,-141.0,3
2023-10-01,TOTDEMO,283126.0,1
2023-10-01,TOTEXPSB,28065.0,1
2023-10-01,TOTIMPSB,21190.0,1
2023-11-01,IPTRANSF,7915.0,1
2023-11-01,RECEIPTS,27445.0,1
2023-11-01,REFGROUT,253040.0,1
2023-11-01,STATDIFF,4540.0,3
2023-11-01,TOTDEMO,266320.0,1
2023-11-01,TOTEXPSB,31219.0,1
2023-11-01,TOTIMPSB,18351.0,1
2023-12-01,IPTRANSF,7482.0,1
2023-12-01,RECEIPTS,27284.0,1
2023-12-01,REFGROUT,274447.0,1
2023-12-01,STATDIFF,5054.0,3
2023-12-01,TOTDEMO,275003.0,1
2023-12-01,TOTEXPSB,34422.0,1
2023-12-01,TOTIMPSB,21616.0,1
